id,Label
22406,1
19495,1
59875,1
40297,1
50696,1
12761,1
33084,1
37570,1
23831,1
10742,0
12234,1
16677,1
67315,1
24782,1
23235,1
68084,0
14951,1
6818,1
44748,1
20345,1
32147,1
70021,1
14990,1
2600,1
22181,1
76760,1
40303,0
30921,1
62174,1
22633,1
86852,1
18834,1
83705,1
53973,0
40977,1
21492,1
11585,1
17510,1
63410,1
7585,1
33898,0
1469,1
13097,1
31803,1
5810,1
89084,1
70999,1
74668,1
34347,1
68591,1
60747,1
78,0
52704,1
6526,1
23853,1
42828,0
50436,0
40619,1
32653,0
19885,1
60192,1
88273,1
8058,1
29267,1
82945,1
84342,1
10981,1
64492,1
37745,1
8081,1
81217,1
63742,1
31291,1
80510,1
43115,1
42291,1
34666,1
15626,1
20137,1
73125,1
1007,0
81633,1
31530,1
63884,1
9813,1
16040,1
73299,1
82774,1
7420,1
74944,1
59263,1
1158,1
86461,1
45964,0
26844,1
3457,1
51903,1
14054,1
85035,1
86731,1
31833,1
38220,1
89988,1
67498,0
45695,1
56009,1
71514,1
51614,1
38927,1
29224,1
37336,1
52368,1
11282,1
52461,1
56725,1
27110,1
67900,1
5745,1
42313,1
12621,1
50507,1
12708,1
17085,1
76947,1
85837,1
60760,1
10606,0
88777,0
82028,1
35308,1
46753,1
80706,1
52310,1
39474,1
75009,1
44426,1
18863,1
21630,1
71798,1
77209,1
21542,1
8722,1
29446,1
10473,1
39690,0
26914,1
64025,1
35863,1
57576,1
56232,1
8152,1
32963,1
77055,1
38489,1
52870,1
21870,1
3588,1
52023,1
1634,1
87647,1
67142,1
60661,1
60250,1
4774,1
37633,1
24482,1
34494,1
66255,1
30177,1
74758,1
71819,1
84272,1
27876,1
30672,1
65490,1
14940,1
1688,1
67758,1
87679,1
10101,1
58499,1
44611,1
4051,1
70803,1
28476,1
46696,1
2912,0
46525,1
77787,1
62148,1
48368,0
11086,1
89785,1
30641,1
19858,1
81273,1
3400,1
40521,1
19934,1
16866,1
82020,1
63949,1
68692,1
17663,1
12539,1
79844,1
43292,0
13236,1
76447,1
76679,1
25050,1
48863,0
11456,1
84332,1
61816,1
5861,1
84992,1
61338,1
50681,1
69807,1
76735,1
41083,1
7406,1
53425,0
72425,1
66926,1
42802,1
41418,1
24734,1
38941,1
38786,1
15113,1
22956,1
35553,1
26009,1
85485,1
12298,1
44275,0
41775,1
19990,1
25669,1
38761,1
24415,0
44550,1
16795,1
25723,1
89019,1
52953,1
50013,0
67354,1
70223,1
83394,1
5285,1
72525,1
87352,1
21671,0
7478,1
13829,1
87394,0
52951,1
28880,1
23976,1
17445,1
39304,1
34185,1
32060,1
8265,1
17969,1
2445,1
67048,1
53211,1
31631,1
16012,1
43694,1
57794,1
81394,1
4977,1
41514,1
11437,1
55217,1
2261,1
47944,1
38655,1
1920,1
75110,1
7908,1
16565,1
87794,1
77482,1
40175,0
87224,0
5385,1
13191,1
36851,0
8558,1
85669,1
88040,1
9265,1
82025,1
67680,1
36470,1
74697,1
61433,1
18943,1
35453,1
20857,0
57123,1
73344,1
26299,1
83003,0
74672,1
87637,1
56564,1
1778,1
57650,1
69749,1
32767,1
13014,1
49635,1
83707,1
59957,1
65664,1
85086,1
84878,0
45184,1
48120,1
2628,1
34312,1
66491,0
85487,1
3296,1
18684,1
12231,1
63733,0
62688,1
58070,1
50956,1
89423,1
58561,0
22003,1
41903,1
81584,1
56878,1
6908,1
73719,1
88878,1
62147,1
39557,0
65737,1
1628,1
40038,1
38298,1
62491,1
50440,1
977,1
64920,1
17868,1
44070,1
43306,1
45836,0
9682,1
58485,1
51480,1
50778,1
17051,1
48689,1
75634,1
37613,1
55221,1
87319,1
76526,1
59127,1
87559,1
4776,1
69419,1
60372,1
86054,0
79555,1
14030,1
67383,1
49096,1
38406,1
87365,1
60653,1
48672,1
75225,1
85484,1
8896,1
14893,1
44353,1
61420,1
87073,1
75603,1
22292,1
65572,1
57549,1
65451,1
69806,1
50109,0
85299,1
74284,1
20913,1
24993,1
50735,1
23621,1
17327,1
48308,0
31941,1
48966,1
16876,0
19856,1
80671,1
85906,1
74621,0
56755,1
53557,1
18988,1
39206,1
51558,1
71249,1
39471,1
61560,1
24453,0
24022,1
36911,1
31754,1
83883,1
38675,1
47302,1
19662,1
7812,1
71399,1
25029,1
57474,1
24711,1
24720,1
57894,1
74641,1
53094,1
8739,0
57456,0
44631,0
29597,1
82456,1
3418,1
39480,1
10247,1
31912,1
69675,1
22456,1
76381,1
14998,1
31402,1
3834,1
19870,1
33540,1
37814,1
19867,1
78867,1
35293,1
43128,1
60014,1
47059,1
47982,1
73591,1
59393,1
46962,1
22316,1
80163,1
89660,1
49130,1
75260,1
47291,1
36712,1
8013,1
89474,0
33188,1
23274,1
84346,1
71684,1
71820,1
29040,1
84220,0
16471,1
74792,0
55075,1
4551,1
81850,0
41632,1
6511,1
62632,1
81759,1
70591,1
43348,1
17811,1
24412,1
79316,1
86079,1
24563,1
67722,1
21894,1
72133,1
9150,1
65600,1
56585,1
891,1
30092,1
28649,1
75565,1
74148,1
36099,1
59790,1
70178,0
39759,1
65262,1
36311,1
1834,0
62645,1
34545,1
31005,1
14950,1
59763,0
71794,1
43241,1
25791,1
76195,1
76392,1
28350,1
11345,1
21864,1
85268,1
62653,1
67336,1
55233,1
56818,1
51854,1
37832,1
80837,0
61947,1
72474,1
81038,1
56321,1
32872,0
33078,1
25286,1
47587,1
13730,1
9456,1
73035,1
67186,1
443,1
59081,1
25700,1
49655,1
3059,1
53028,1
81997,1
41109,1
74320,1
58034,1
40050,1
79336,1
84698,1
56800,1
578,1
44027,0
66070,1
82728,1
25519,1
31585,1
62377,1
26237,1
61305,0
340,1
46549,1
84297,1
87984,1
61387,0
83856,1
25736,1
88513,1
20096,0
52155,1
81797,1
50657,1
62531,1
65692,1
74450,1
47219,1
45832,1
53767,1
64673,0
57928,0
31345,1
17345,1
17755,1
79501,1
53278,1
36547,1
11346,1
86701,1
55462,1
32658,0
65379,1
13821,1
21062,1
31000,1
89328,1
89071,0
63924,1
64008,0
76732,1
80244,1
61687,1
67187,1
3548,1
1441,1
76870,1
36678,1
68718,1
43686,1
28644,0
14761,1
63982,1
30977,1
89812,1
61596,0
83656,1
53521,1
72548,1
25126,1
4627,1
14910,1
1706,1
60553,1
81941,0
1895,1
23093,1
41550,1
54709,1
26160,1
86210,1
2645,1
29074,1
75064,1
39665,1
46650,1
74630,1
45384,1
68645,1
43669,1
17057,1
84788,1
35267,1
1341,1
45098,1
37816,0
27248,1
61857,1
23120,1
76972,1
31592,1
11332,1
73484,1
13177,0
10537,1
60788,1
7694,1
60574,1
81866,1
23577,0
51706,1
8902,1
20871,1
9097,1
56292,0
49275,1
22845,1
47818,1
74368,1
40826,1
50059,1
64659,1
26090,1
31030,1
69616,1
56119,1
74851,1
35951,1
76722,1
68381,1
5799,0
33526,1
8424,1
6684,1
3240,1
28436,1
18959,1
43181,0
52082,1
39125,1
30114,1
50667,1
13948,1
77516,1
42714,0
43025,1
27438,1
54261,1
60308,1
39383,1
57611,1
21433,1
49266,1
77697,1
45303,1
30050,1
37799,1
87775,1
8582,0
73815,1
19853,1
79763,0
87008,0
57842,1
40996,1
84930,1
77343,1
14265,1
41165,1
60350,1
40431,1
25118,0
77674,1
41899,1
46999,1
16639,1
45401,1
79873,1
4287,1
4686,1
78483,1
81240,1
18299,1
47251,1
37255,1
73805,1
19188,1
3469,1
60301,1
62969,1
1107,0
23835,1
7192,1
50003,1
28840,1
70176,1
45929,1
85631,1
77738,1
5197,1
47174,1
87318,1
46332,1
48671,1
17674,1
32817,1
75514,1
34428,1
70148,1
36917,1
6782,1
15230,1
35563,1
40408,1
55632,1
4040,1
83665,1
53905,1
79085,1
7620,1
64287,1
36027,1
9806,1
23890,1
38549,1
69005,1
83786,1
41593,1
64746,1
63594,1
70526,1
86656,1
18602,1
68603,1
80747,1
22016,1
67437,1
62417,1
27019,1
18900,1
82676,1
89981,1
22028,1
1944,1
16244,1
13468,1
81408,1
81918,1
27779,1
66693,1
5426,1
48576,1
30257,1
14199,1
89768,1
68185,1
41773,1
740,1
75018,1
63047,1
65048,1
16128,0
22403,1
79109,1
51632,1
16430,1
87429,1
46398,1
29175,1
34456,1
69756,1
60109,1
17767,1
55758,1
29451,1
8729,1
3264,1
38256,1
68716,1
11036,1
24977,1
27651,1
61261,1
36870,1
84576,0
55520,1
57916,1
16650,1
47986,1
48382,1
44126,1
11263,1
89163,1
51898,1
47195,1
77,1
50097,1
24933,1
42519,1
33414,1
952,1
47099,1
48624,1
43143,1
67331,1
48996,1
15837,1
32446,1
7744,1
40765,1
20313,1
47188,1
703,1
48397,1
56409,1
48639,1
84340,1
36777,1
76319,1
35304,1
63705,1
16534,1
9318,1
31880,1
49464,1
14939,1
17317,1
1130,1
29391,1
12661,1
78048,1
44022,1
18335,1
49359,1
72532,1
40406,1
69589,1
86928,1
63471,0
52784,1
42559,1
44175,1
50736,1
3098,1
86407,0
34134,1
55076,1
74623,1
54343,1
28636,1
56391,1
7061,0
82147,1
35031,1
87640,0
81065,1
18839,1
39150,1
58405,1
80546,1
68605,1
89048,1
60424,0
60423,1
37975,1
70927,1
11107,1
24928,1
8098,1
22065,1
30150,1
81118,0
61501,1
72410,1
55836,1
35448,1
64124,1
63171,1
2504,1
162,1
40795,1
62303,1
38021,1
85804,1
82440,1
12902,1
23415,1
75563,1
28410,1
35678,1
23395,1
70859,1
71031,1
3608,1
40102,1
49616,1
73352,1
518,1
73691,1
49214,1
26856,1
26444,1
71893,1
75956,1
56526,1
13354,1
70003,1
81340,1
15833,1
31709,1
63868,1
58542,1
37236,1
55105,1
12502,1
7038,1
62197,1
88872,1
89650,1
27740,1
68622,1
7016,1
34642,1
18750,1
74354,1
4158,1
65114,1
3901,1
78649,1
7428,1
5575,1
40270,1
13728,0
84769,1
28786,1
29348,1
82591,1
48823,0
13635,1
23747,1
82458,1
87828,1
27888,1
23050,1
6055,1
22999,1
72296,1
17681,1
25199,1
10330,1
1768,1
75217,1
73783,1
48012,1
73925,1
5943,1
50616,1
20362,1
42646,1
81148,1
89890,1
23852,1
44718,1
15511,1
7848,1
58651,1
42898,1
64543,1
64605,1
76826,1
64907,1
38653,1
46774,1
36610,0
74801,1
89725,1
10811,1
9190,1
43361,1
78998,1
337,1
46190,1
13911,1
42174,1
55674,1
26512,0
32300,1
14744,0
6955,1
70331,1
63186,1
85559,1
19729,1
50206,1
3736,1
50020,1
77926,1
29642,1
19099,0
44862,0
52192,1
1073,1
45341,0
28052,1
15674,1
24009,1
1683,0
59710,0
51629,0
20782,1
9186,1
8204,0
74896,1
66984,1
15904,1
71336,1
80025,1
3444,1
70250,1
37036,1
43022,1
34021,1
82364,1
33732,1
89320,1
79077,1
6948,1
8228,1
33000,0
8051,1
84168,1
60577,0
15784,1
71005,1
45054,1
29782,1
9315,1
44377,1
62053,1
9302,1
81786,1
43928,1
33374,1
9945,1
80568,1
6178,1
6388,1
87053,1
12908,1
3941,1
12620,1
82539,1
37665,1
13789,1
65434,1
42873,1
30191,1
12675,0
70521,1
3001,0
83787,1
45228,1
18480,1
36942,1
38766,1
81333,1
9515,1
28987,1
34883,1
50551,1
4072,1
59151,1
22648,1
68807,1
69789,1
22605,1
16737,1
27857,1
81175,1
25267,1
26878,1
50920,0
58217,1
40623,1
39145,1
30530,1
23083,0
74741,1
89799,1
37498,1
8892,1
71873,1
71662,1
40886,1
8613,1
67713,1
30987,1
35246,1
55988,1
65080,0
18282,0
5445,1
15017,1
20032,1
61962,1
73435,1
11998,1
15236,1
81211,1
18882,1
26706,1
32437,1
12321,1
55222,0
53313,0
76939,1
75285,1
72648,1
34924,1
37751,1
28302,1
32629,0
20889,1
72063,1
50915,0
19103,1
3367,1
5821,0
2745,1
75874,1
53910,1
50932,1
77742,1
72077,1
17902,0
45305,1
73065,1
39487,1
8379,1
61916,1
36375,1
2756,1
53975,1
63485,1
20217,1
50628,1
31762,1
52679,1
41577,1
61851,1
81119,1
74090,1
37361,0
89612,1
85634,1
9460,1
43997,1
38209,1
18258,0
8381,1
30877,1
39752,1
79268,1
25160,1
73824,1
40233,1
84222,1
75421,1
20442,1
184,1
75542,1
44465,1
57003,1
6939,1
81072,1
68744,1
8101,1
63977,1
54012,1
73466,1
29582,1
4853,1
14345,1
82775,1
69725,1
87234,1
6603,1
71568,1
35215,1
23946,1
67690,1
52876,1
21800,0
57018,0
22369,1
10653,1
68004,1
83058,0
32059,1
70401,1
41502,1
57826,1
62694,1
59608,0
43327,1
74155,1
48015,1
67207,1
57166,1
73323,1
54583,1
56706,1
34087,0
42612,1
73031,1
41321,0
33593,1
60234,1
2374,1
45084,1
41590,1
54138,1
62710,0
3958,1
88636,1
71065,1
27416,1
29007,1
36940,1
87562,1
77654,1
74028,1
89816,1
62740,1
37532,1
57509,1
38132,1
18963,1
15232,1
32860,1
52744,1
82702,1
77106,1
61815,1
65407,1
7357,1
11183,1
39020,1
88802,1
20005,1
31265,1
30869,1
10760,1
28037,1
29717,1
33302,1
2068,1
34606,1
81903,1
2408,1
13968,0
79914,1
78838,1
26960,1
35754,1
29702,1
80413,1
24310,1
34,1
24872,1
9015,1
9686,1
70446,1
49713,1
33985,1
34232,1
66645,1
4756,1
77409,0
65912,1
29862,1
68863,1
32966,1
44817,1
51013,1
2037,1
18051,1
36934,1
3218,1
54594,1
38746,1
59026,1
82896,1
21940,1
16176,0
30643,0
48701,1
8856,1
17004,1
39779,1
39026,1
712,1
38813,1
68417,1
81603,1
73362,1
77756,1
77275,1
59134,1
73741,1
43915,1
44468,0
67119,0
41275,1
48082,1
62930,1
55450,1
64842,1
78944,1
55734,1
78061,0
43647,1
86762,1
14501,1
68726,1
18508,1
62712,1
13896,0
33662,0
74568,1
27176,1
61719,1
61302,1
85827,1
26710,1
54197,1
37831,1
11653,1
88015,1
81040,1
32686,1
64249,1
70075,1
46726,1
22002,1
49524,1
61040,1
780,1
39774,1
4773,0
44622,1
84577,1
30267,1
1042,1
4151,1
1360,0
20921,1
54017,1
88359,1
89409,1
84840,1
60587,1
65690,1
24116,1
64108,1
17594,1
28868,1
62914,1
86838,1
3411,1
36003,1
82094,1
13582,1
77554,1
13763,1
40210,1
69056,1
68509,1
74240,1
81130,1
5312,0
6673,1
354,1
233,1
39093,1
88612,1
76502,0
27753,1
74699,1
32307,0
72748,1
12542,1
43604,0
11748,1
28038,1
52453,1
80573,1
89173,1
3415,1
28343,1
2436,1
9977,1
25484,1
85271,0
33617,1
39338,1
6534,1
47138,1
75931,1
73382,1
58379,1
42969,1
12144,1
9134,1
26794,1
24743,1
28209,1
85644,1
12039,1
70656,1
40180,1
84190,1
14134,1
79865,1
57129,1
33076,1
70718,1
12686,0
1945,1
44032,1
25234,1
37081,1
24903,1
8816,1
67309,1
41254,1
37482,1
84331,1
62215,0
43270,1
795,1
34458,1
18679,1
73757,0
26077,1
31570,1
86925,1
58309,0
36887,1
7067,1
5869,1
87687,1
27314,1
87835,1
78280,1
30134,0
17405,1
18130,1
33316,0
13169,1
14760,1
69422,0
75063,1
52166,0
63777,1
8171,1
61492,1
14370,1
70990,1
85707,1
18219,1
40596,1
9167,1
63367,1
51524,1
5968,1
88085,1
53255,1
32006,1
74747,1
18888,1
73211,1
45826,1
24283,1
18155,1
37743,1
43053,1
18708,1
68236,1
50192,1
83467,1
64389,1
89857,1
37969,1
74549,1
4585,1
65351,1
79013,0
26569,1
53774,1
45590,1
35450,1
53526,1
47872,1
47957,1
14471,1
19024,1
74575,1
9157,1
9234,1
25970,0
11659,1
38906,1
66673,1
50233,1
7495,1
76656,1
55312,1
53350,1
61807,1
5565,0
38902,1
85533,1
74561,1
62751,1
38668,1
7535,0
31656,1
54865,1
50315,1
61943,1
60657,0
38967,1
75014,1
88377,1
85360,0
54796,1
44831,1
50339,1
83278,1
4380,1
66798,1
42060,1
2712,1
21238,1
56989,1
86787,0
18686,1
6157,1
31486,1
59144,1
24097,1
63570,1
65448,1
2070,1
28799,1
46933,1
65303,1
56323,1
71175,1
11267,1
50251,1
15034,0
16173,1
17250,1
81523,1
5050,1
12001,0
9069,1
88694,1
2961,1
36690,1
65691,1
4572,0
3672,1
62809,1
1092,1
32419,0
61368,1
36277,0
76658,1
59196,1
88425,1
12046,1
56143,1
43441,1
23304,1
44023,1
6287,1
41755,1
60404,1
27983,0
338,1
32373,1
60656,0
61076,1
48045,1
16556,1
76990,1
56826,1
47460,1
79394,1
26732,1
79528,1
28151,1
20413,1
8842,1
44909,1
75305,1
45035,0
19100,1
52916,0
68722,1
2699,1
41391,1
3243,0
33721,1
2770,1
39715,1
77017,1
61372,1
21067,1
74771,1
72592,1
74297,0
39344,1
88796,1
37093,1
82325,1
47820,1
27784,1
20367,1
5365,1
86199,0
62078,1
20554,1
78244,1
74814,1
15962,1
61764,1
69850,0
71448,0
13811,1
77524,1
870,1
64211,1
50930,1
25612,1
67168,1
55920,1
86180,1
35476,1
7442,1
44833,0
66529,1
25943,1
88848,1
11518,1
45786,1
43911,1
10054,1
8347,1
34829,1
2280,1
38616,1
22121,1
38790,1
12274,1
28356,1
48199,0
77909,1
42171,1
30229,1
71571,1
23272,1
54321,1
21734,1
47985,1
2201,1
88009,1
15700,1
38205,1
84631,1
52090,1
3730,1
72668,1
37305,1
63517,1
53147,1
10608,1
42088,1
49189,1
89613,1
46000,1
67026,1
33466,1
85090,1
39614,1
57769,1
52618,1
37595,1
61051,1
65588,1
41844,1
85043,1
17586,0
13256,1
69073,1
82904,1
16786,1
23893,0
34982,1
73437,1
11010,1
72998,1
88902,1
74457,1
39027,1
12228,1
76359,1
31244,1
26666,1
66015,1
86922,1
47681,1
3921,1
31482,1
51130,1
67794,1
60626,1
40309,1
75568,1
81549,0
12872,0
89568,1
38020,1
22572,1
40533,1
53251,1
27517,1
55241,0
43156,1
38937,1
9203,0
49072,1
23776,1
43607,1
74868,1
3647,1
4220,1
40573,1
5864,1
84518,1
3696,1
39371,1
26863,1
85679,1
33923,1
40653,1
52332,1
55545,1
52370,1
66026,1
85080,1
11747,1
79456,1
45882,1
78255,1
9408,1
65722,0
47574,0
62423,1
47503,1
47634,1
88336,1
74261,1
18752,0
37398,1
37754,1
9913,1
49714,1
36561,1
69837,1
57329,1
60011,0
75306,1
20987,1
8835,0
87355,1
11046,1
52484,1
82695,1
56370,1
32422,0
29060,1
65321,1
71320,1
35386,1
46316,1
8230,0
23495,1
74228,1
23972,1
52372,1
6057,1
6213,1
27183,1
56113,1
50626,0
6594,1
41643,1
68450,1
48763,0
81439,1
75309,1
4476,1
30084,1
35787,1
89063,1
38300,1
85233,1
59214,1
18175,1
48477,1
16070,1
76897,1
54629,0
47368,1
16445,1
62989,1
55409,1
36305,1
65455,1
25588,1
53723,1
81515,1
62894,1
71389,1
73885,1
36672,1
18273,1
38819,1
55933,0
40527,1
73092,1
63669,1
23512,1
42550,1
35240,1
19482,1
72620,1
9348,1
4132,1
58227,1
1491,0
3596,1
58229,1
57588,1
29199,1
6766,1
20270,1
66589,1
21284,1
6658,1
74274,1
491,1
24963,1
73618,1
13546,1
12025,1
61524,1
12052,1
37895,1
21,0
47420,1
11816,1
58130,1
7434,0
25074,1
27112,1
9325,1
66005,1
82268,0
51792,1
9021,1
36092,1
41698,1
39839,1
60906,1
17715,1
33172,0
73063,1
74342,1
71831,1
57907,1
44211,1
84118,1
71689,1
23732,0
68152,1
13494,1
61759,1
49081,1
8838,1
34869,1
58331,1
67032,1
54386,1
73283,1
81374,1
13167,1
75111,1
52873,1
33736,1
66180,1
15483,1
62217,1
68082,1
15694,1
61405,1
15437,1
82082,1
26087,1
84344,1
42691,1
35126,0
13599,1
16994,1
23391,1
47553,1
11834,1
38696,1
13066,1
68527,1
87533,0
54593,1
4337,1
68730,1
22658,1
23322,1
5620,1
79203,1
12828,1
57887,1
58434,1
58380,1
85089,1
27642,0
8416,1
72260,1
76758,1
50621,1
40212,1
89618,1
32274,1
9611,1
29761,1
18324,0
25339,1
40864,1
43026,0
74925,1
49557,1
24535,1
61036,0
23817,1
73388,1
59733,1
43768,1
29318,1
47437,1
23417,1
14124,1
32235,1
26319,1
26161,1
40057,1
48389,1
22136,1
26384,1
43666,0
41348,1
63441,1
70220,1
24469,0
63957,1
75543,1
67663,1
80433,1
81427,1
77091,1
61737,1
60963,0
13850,0
48407,0
84126,1
43507,0
78694,1
50549,1
30459,1
80450,1
22667,1
7891,1
28733,1
26362,1
83592,1
63416,1
1221,1
13168,1
37561,1
72790,1
23087,1
69663,1
60871,0
46771,1
47351,1
13750,1
5091,0
23378,1
45180,1
36028,1
40051,1
41224,1
43984,1
54858,1
88669,1
10640,1
19179,1
88310,1
88217,1
63141,1
50380,1
36182,1
84178,0
25462,1
29133,1
48040,1
81923,1
38914,1
8318,1
83591,1
64523,1
13368,1
42358,1
73254,0
12830,0
80066,1
71193,1
34157,1
82226,1
28767,1
78224,0
50534,1
82825,1
36677,1
32268,1
37117,1
44638,1
11909,1
37426,1
67632,1
3902,0
37658,1
87807,1
33944,1
9567,1
15285,1
74732,1
451,1
13221,1
56610,1
46012,1
65531,1
19085,1
10828,1
44946,1
68030,1
54953,1
22225,1
82881,1
5771,1
82521,0
88352,1
56739,1
86085,1
30517,1
31286,0
69155,1
70474,1
66328,1
29676,1
79014,1
48211,1
23861,1
20039,1
68500,1
25621,1
40450,1
72069,0
22233,1
39916,1
46290,1
51460,0
74878,1
19808,1
89292,1
35119,1
43471,1
84598,1
18649,1
56634,0
70557,0
46906,1
54251,1
4806,1
2413,0
29316,1
65349,1
42497,1
86703,1
79412,1
75198,1
70900,1
43000,1
37737,1
63026,1
25532,1
84885,1
23352,1
13049,1
34676,1
27232,1
32208,0
22945,1
27229,1
29543,1
22224,1
25802,0
77406,1
14496,1
688,1
13990,1
13885,1
82211,1
30315,1
71643,1
74558,0
51150,1
67133,1
71436,1
56022,1
36087,0
54755,0
60655,0
57533,1
10449,1
2219,1
82272,1
24075,1
78558,1
6987,1
59844,1
42591,1
23076,1
69089,1
2617,1
45331,1
54870,1
56731,1
35007,1
47633,1
69711,1
185,1
26106,0
12818,1
37912,1
9857,1
369,1
61999,1
37060,1
74031,1
41956,1
52414,1
82953,1
84092,1
83960,1
77698,1
70910,1
19164,1
21249,1
14024,1
13936,1
78187,1
39117,1
24390,1
32856,1
89724,1
11389,1
38063,1
75041,1
49619,1
55881,1
13355,0
79748,1
61934,1
28394,1
86987,1
16588,1
85588,1
73338,1
30771,1
8281,1
10676,1
33497,1
37930,1
64865,1
66829,1
36211,0
5248,1
10234,1
61956,1
52828,1
3439,1
9300,1
11576,1
65104,1
42844,1
47785,1
79802,1
42298,1
2181,1
23789,1
79784,0
37107,1
56269,1
31997,1
71664,1
39773,1
64063,1
77004,1
68042,1
69930,1
58459,1
21867,1
25159,1
55613,1
58114,1
89896,1
49475,1
70023,1
68279,1
6644,1
81830,1
22380,1
23065,1
71723,0
37111,1
16746,1
645,1
28883,1
23459,1
45509,1
57710,1
76411,1
39275,1
42871,1
65352,0
29970,0
1610,1
33858,1
1646,1
53523,1
46447,1
5102,1
77155,1
14814,1
39934,1
70754,1
23557,1
82471,1
81054,1
10373,1
42639,1
25466,1
65835,1
74263,1
2926,1
20602,1
77163,1
2203,1
14834,1
48786,1
34384,1
23209,1
86870,1
666,0
37834,1
23367,1
40830,1
26230,1
71770,1
66455,1
299,1
86878,1
15602,1
4954,0
78790,1
32921,1
83389,1
42331,1
44091,1
53474,1
2488,1
41760,1
55873,1
42728,1
79302,1
65181,1
42209,1
9298,1
6687,0
42864,1
41911,1
7645,1
64071,1
10519,1
32585,1
14899,1
63394,1
36772,0
88286,1
47507,0
12546,1
61817,1
66535,1
53720,1
60631,1
52892,1
27130,1
56920,1
55277,1
16321,1
2105,1
29524,1
34097,1
48294,1
1524,1
19151,0
73686,1
21355,1
57992,1
79839,1
24904,0
54387,1
53950,1
1136,1
8876,0
20418,1
14931,1
62194,1
34861,1
65078,1
84809,1
47508,1
10705,1
40288,1
30348,1
48213,0
10668,0
76638,1
50185,1
2561,1
15095,1
73620,1
2147,1
44230,1
27774,1
81799,0
10102,0
89557,1
63320,1
35558,1
87723,1
63015,1
88643,1
43596,1
30393,1
40294,1
53395,1
12746,1
88251,1
71143,1
858,1
52323,1
85945,1
69595,1
29740,1
38195,0
88104,1
88270,1
25752,0
8655,1
82891,1
15093,1
42529,1
23355,0
35878,1
83395,1
38240,0
19570,1
25039,1
51554,1
57429,1
39544,1
67592,1
26127,1
76614,1
59185,1
1738,1
7912,1
69740,1
78638,1
39234,1
86492,1
87421,1
68628,1
65559,1
9508,1
66023,1
35908,1
83429,1
12375,1
40608,1
69222,0
36353,1
19622,1
63474,1
79002,1
30338,1
89065,1
30552,1
58510,1
73624,1
24463,1
82019,1
49147,1
68357,1
74405,1
16319,1
59903,1
30486,1
57317,1
68915,1
7,1
2367,1
57589,1
57092,1
79834,1
49939,1
18373,1
14087,1
86900,1
77579,1
21370,1
61575,1
47748,1
2289,1
58554,1
58697,1
40081,1
51047,1
86698,1
73851,1
81461,1
29290,1
78094,1
1769,1
78554,1
25254,1
23597,1
55293,1
14961,1
51351,1
40873,1
61147,1
48324,0
71830,0
38850,1
69204,1
42202,1
88632,1
63025,1
82845,0
43649,1
3551,1
50706,1
63992,1
24394,1
42719,1
22126,1
58357,1
25575,1
32812,1
89671,1
78980,1
20877,1
78032,1
71976,1
60733,1
47372,1
55249,1
21496,1
74073,1
51020,1
33446,1
74985,1
73690,1
77310,1
69257,1
89786,1
16162,1
54570,1
34027,1
32469,1
10439,1
35311,0
4177,1
36884,1
74272,1
68470,0
6796,0
39982,1
40782,1
29859,1
45784,1
23192,1
31032,1
54183,0
59889,1
33054,1
77703,0
86939,1
41032,1
42294,1
70460,1
76057,1
9949,1
64223,1
3685,0
69528,1
23339,1
12341,0
32193,1
70938,1
41949,1
6097,1
44861,1
8616,0
56741,1
23003,1
21268,1
66134,0
25534,1
1430,1
75718,1
25766,1
35605,1
61337,1
39510,1
66474,1
29794,1
10187,1
35154,1
1755,1
63399,1
60411,1
49076,1
40242,1
4240,1
38284,1
57119,1
57747,1
89153,1
39019,1
71169,1
15739,1
54470,1
50002,1
21826,0
60627,1
42196,1
174,0
39410,1
3228,1
33934,0
75221,1
14225,1
57623,1
59259,1
80972,1
33296,0
35622,1
5583,1
23809,1
15987,1
9043,1
61803,0
14152,0
36666,0
62506,1
82027,1
52235,1
41130,1
18251,1
86005,1
20480,1
22237,1
47037,0
49009,1
73160,1
72884,1
10116,1
83964,1
63014,1
38003,1
25885,1
76389,1
12704,1
73876,1
89847,1
63729,1
15224,1
13426,1
67221,1
31597,1
19935,1
8441,1
59200,1
80056,1
40445,1
3978,1
61025,1
41554,1
75516,1
88399,1
85259,0
20731,0
74080,1
8802,1
767,1
10737,1
663,1
62949,0
63259,1
46588,1
41867,1
54281,1
839,1
71595,1
17021,1
18928,1
79903,0
1304,0
43462,1
32421,1
57219,1
40869,1
80693,1
75830,1
13812,1
50215,1
69586,1
35842,0
39216,1
24318,1
7205,0
71185,1
46976,1
86806,1
39105,1
41250,1
78338,0
17744,1
34174,1
14441,1
72266,1
16647,1
22880,1
53803,1
30568,1
73256,1
36736,1
40003,1
70792,1
79600,1
11735,1
39319,1
83447,1
86177,1
58768,1
83310,1
77302,1
23051,1
42368,1
17071,0
78080,1
46863,1
74749,1
2558,1
49578,1
59894,1
44097,1
10896,1
3181,1
65380,1
35772,0
14743,1
17044,1
46985,1
62101,1
89866,0
48848,1
2213,1
84091,1
13554,1
39585,1
83051,0
37225,1
32581,0
76220,1
78105,1
13706,1
60315,1
76280,0
65140,1
42848,0
16145,1
37092,1
7845,1
63326,1
62225,0
32214,1
75390,1
1724,1
77095,1
77574,1
64117,1
55766,0
87212,1
73562,1
21531,1
83053,0
54764,1
657,1
63374,1
37845,1
55282,1
21549,1
15428,1
84666,1
68755,1
10593,0
54031,1
16229,1
1678,1
23945,1
19460,0
24081,1
35525,1
10687,1
19198,1
14473,1
88002,1
46221,1
16999,1
54553,1
12253,1
67058,1
41179,1
26101,1
71119,1
11494,1
79993,1
53473,0
1211,0
78273,1
9263,1
24773,1
6324,1
87793,1
49812,1
4423,1
40287,1
20381,1
79434,1
16341,1
51151,1
84913,1
60360,1
31688,1
31142,1
21305,0
6922,1
63438,1
8286,1
58911,1
66116,1
15743,1
48853,1
16017,1
76436,1
181,1
51315,1
31503,0
31883,1
48248,1
27718,1
38768,1
36968,1
25727,1
25423,1
14393,1
59945,1
85486,1
52669,1
19855,1
26772,1
12615,1
22374,1
7589,1
79352,1
30417,1
39091,1
62826,0
22009,1
71987,1
15737,1
57663,1
73955,1
62439,1
39078,1
80065,1
65236,1
36352,1
70179,1
45051,1
37558,1
68940,1
22546,1
68307,1
7868,1
6389,0
67375,1
84632,1
23401,1
28081,0
79050,1
10223,0
36983,1
57558,1
31083,1
69132,1
34317,1
23173,1
69501,1
81636,1
26342,1
74955,0
21645,0
23752,1
7387,1
7810,1
26397,1
87513,1
78111,1
12246,0
78963,1
65629,1
21293,1
17080,1
32598,1
74356,1
24091,1
66279,1
46581,1
758,1
9885,1
64847,1
73739,1
39980,1
39017,1
10094,1
70259,1
31094,1
57951,1
27685,1
70062,1
49674,1
22123,1
18706,1
87369,1
69747,1
58570,1
39127,1
70973,1
51827,1
85178,1
51174,0
84103,1
10724,1
82565,1
67742,0
74710,1
660,1
28960,1
19696,1
24879,1
68923,0
31875,1
65144,1
13023,1
59525,1
28731,1
4111,0
56425,1
81257,1
23387,1
53127,0
82678,1
28587,0
56950,1
64202,1
25041,1
63103,1
45607,0
45179,1
3705,1
70906,1
50908,1
40189,1
27829,1
53885,0
70515,1
26487,1
23681,1
12267,1
21288,0
77719,1
29282,1
4008,1
28472,1
51757,1
87255,1
52570,0
45981,1
22462,0
4502,1
8267,1
39707,1
43898,1
20461,1
64390,1
36982,1
43116,1
2643,1
22288,1
73711,1
7950,1
12492,1
80037,1
2386,1
52027,1
2125,1
25490,1
57609,1
66533,1
52501,1
80839,1
29363,1
80316,1
8854,1
41385,1
59107,1
30924,1
2634,1
57561,0
48961,1
56333,1
71213,1
29236,1
49723,1
51494,1
7323,1
6489,1
48133,1
35906,0
10111,1
51836,1
78596,1
27398,1
42897,1
44390,1
86211,1
37797,0
59625,1
39329,1
84124,1
23473,1
23380,1
44500,1
51755,0
88227,1
17892,1
5423,1
21875,1
43807,1
54776,0
79718,1
29941,0
23865,1
72974,1
20077,1
37372,1
13059,1
54606,1
57581,1
65000,1
1417,1
76982,1
47269,1
74819,1
19992,1
14616,1
12191,1
70310,1
50416,1
9512,0
78515,0
74061,1
88949,1
18818,1
25012,1
34773,1
44635,1
41003,1
23699,1
77653,1
63062,1
9881,1
20316,1
28403,1
88248,1
72736,1
4876,1
20203,1
35214,1
51041,1
11376,1
86077,1
28273,1
81497,1
51238,1
1144,1
9402,1
1614,1
44753,1
19874,1
4160,1
59762,1
1763,1
9386,1
31691,0
47352,1
53477,1
30570,1
51543,1
23753,1
83126,1
70713,1
43612,1
34808,1
1854,0
2882,1
54727,1
40209,0
30911,0
65578,1
39994,1
4190,0
86677,1
37452,1
23140,0
34996,1
80802,1
37136,1
67460,1
807,1
52558,1
62750,1
13194,1
35955,1
17955,1
54917,1
23959,1
3971,1
40103,1
40541,1
65046,1
71437,1
55650,1
85448,0
9290,1
69013,1
27499,0
9103,1
83732,1
21658,0
11178,1
7894,1
39113,1
65384,1
1390,1
12556,1
42161,1
25931,1
8470,1
60148,1
79962,1
37671,1
80532,1
45985,1
43656,1
36452,1
10128,1
75403,1
57246,1
63869,1
64266,1
6484,1
25694,1
16429,1
81670,1
4313,1
15540,1
37612,1
65773,1
18951,1
67576,1
28529,1
24042,0
89803,1
81525,1
87964,0
40981,1
40160,1
89885,0
78837,1
48901,1
89444,1
33125,1
82729,1
75128,1
24609,1
60419,1
68061,1
19231,1
9827,1
49201,1
50567,1
71401,1
29584,1
48803,1
19340,1
42935,1
773,1
59029,1
53680,1
61133,1
64916,1
2057,1
11947,1
21562,1
60692,1
60637,0
42745,1
12084,0
51588,0
30361,0
15599,1
74313,1
54795,1
58465,1
30253,1
4275,1
83918,1
34340,1
50566,0
35401,1
88139,1
64763,1
30396,1
48818,1
53387,1
75841,1
33883,0
64221,1
36195,1
31961,1
48749,1
87305,1
24515,1
60551,1
83618,1
64263,1
58962,1
1855,1
71956,1
15039,1
62582,1
52895,1
8350,1
12601,1
24113,1
46972,1
58731,1
38445,1
60282,1
72834,0
65176,1
88275,1
29188,1
65269,1
10476,1
47052,1
70048,1
4573,1
76539,1
52521,1
54354,1
78002,1
4523,1
53856,1
58198,1
15061,1
45589,1
34648,1
9239,1
52074,1
5650,1
14646,1
11445,1
981,1
20126,1
72840,1
40881,1
66449,1
30491,1
21310,1
11373,1
28142,1
53099,1
29104,0
14960,1
73527,1
68383,1
17202,1
2365,1
84349,0
88189,1
8390,1
17970,0
39719,1
37653,1
23213,1
29384,1
22286,1
1812,1
13594,1
57349,1
52358,1
12337,1
83117,1
63649,1
58539,1
49342,1
73508,1
36124,1
82000,1
26147,1
9645,1
19199,1
75010,1
56518,0
86433,0
22517,0
83743,1
85443,1
79780,1
2046,1
33900,1
931,1
86967,1
16075,1
68839,1
62025,1
816,1
20392,1
80704,1
26373,1
63361,1
5894,1
81790,0
47558,1
36727,1
44965,1
56490,1
1991,1
28925,1
9439,1
37847,1
42787,1
11852,1
83266,1
79447,1
38431,0
83381,1
73051,1
80958,1
50364,1
37503,0
86508,0
78204,1
72905,1
12884,0
36273,1
33920,1
56101,1
228,1
72349,1
9087,1
42330,1
84505,1
83612,1
71114,1
17296,0
49388,1
34443,1
4346,1
72879,1
40495,1
12449,1
34977,1
52804,1
34064,1
10137,1
4754,1
16064,1
33527,1
7876,1
28758,1
45114,0
76920,1
45155,1
28134,1
63277,1
9848,1
41007,1
88288,1
54799,1
1418,1
58934,1
21973,1
68577,1
76791,1
11563,1
85291,1
50168,1
75939,1
79504,1
13020,1
70187,0
79281,1
53668,1
31439,1
18462,1
19557,1
60010,1
9895,1
49196,1
24824,1
984,1
26599,1
83685,1
261,1
34452,1
42447,1
60260,1
32617,1
66181,0
73504,1
59037,1
22580,1
85407,1
33637,1
66638,1
17175,1
36469,1
61191,1
43380,1
58147,1
59829,1
161,1
27328,1
19084,1
44365,1
53461,1
6152,1
46663,1
32286,1
14697,1
89565,1
42271,1
28312,0
28988,1
4065,1
4896,1
70501,1
28473,1
21813,1
32045,1
65211,1
53310,1
43648,0
43483,1
43554,0
22716,1
35363,1
18862,1
78093,1
42203,1
58149,1
89979,1
28547,1
3364,1
26943,0
63463,1
8642,0
86096,1
10179,1
968,0
10250,1
17356,1
4322,1
18003,1
65536,1
46714,1
18593,1
32317,0
65951,1
23245,1
2007,1
22943,1
7161,1
47779,1
49317,1
83302,1
9572,1
63088,1
35598,1
13284,1
35832,1
14583,1
43754,0
72086,1
23655,1
89022,1
38993,1
19014,1
51476,1
67706,1
81252,1
32251,1
49387,1
74308,1
76839,1
77540,1
28310,1
81250,1
2466,1
27482,1
87786,1
60612,1
49651,1
60262,0
86671,1
51826,1
13731,0
69790,1
45325,1
68761,1
33926,1
33292,0
41794,1
70544,1
83145,1
70340,0
63091,1
81345,1
68908,1
21146,1
14695,0
62723,1
49450,0
36980,1
64155,1
38870,1
13548,0
49508,0
17130,1
50638,1
22039,1
49455,1
42332,1
62106,1
48572,1
13970,1
73131,1
67666,1
62028,1
58953,1
35159,1
48344,1
75106,1
56735,0
75342,1
81852,1
14098,1
27763,1
2402,1
15595,1
82146,1
13000,1
65788,1
63148,0
8427,0
57369,1
34255,1
52076,1
39862,0
76051,1
22779,1
58850,1
30800,1
33520,1
72504,1
44243,1
3822,0
48675,1
47577,1
11561,1
80172,1
79703,1
69551,1
65315,1
57764,1
81044,1
88690,1
79362,1
60753,1
14681,1
36689,1
45245,1
53480,1
62291,1
36691,1
32769,1
32354,1
73057,1
64046,1
12180,1
85032,1
37160,1
73912,1
59941,1
74702,1
45548,1
76875,1
72980,1
50898,1
80727,1
15800,1
26421,1
63498,1
9502,1
23359,0
69175,1
50356,1
23228,1
54257,1
72023,1
6979,1
12532,1
11037,1
57214,1
17416,1
25508,1
50181,1
32973,0
39615,1
9388,1
68630,1
20250,1
24365,1
84042,1
86788,1
87906,1
54224,0
56138,1
66858,1
40702,1
61180,1
83012,1
76675,1
48893,1
45161,1
10602,1
63772,1
38963,1
23527,1
43740,1
38728,1
81309,1
39660,1
86112,1
42184,1
38037,1
4492,0
73038,1
77308,1
43869,1
2707,1
18265,1
18192,1
3993,1
67039,1
50242,1
17644,1
12776,1
41104,1
32137,1
41522,1
69457,1
40412,1
44287,0
68748,0
75954,1
403,1
73155,1
43055,1
88976,1
2014,1
38287,1
22589,1
40671,0
57352,1
78569,1
36821,1
47863,1
55376,1
56456,0
61835,1
58072,1
27710,1
20002,1
32898,1
47483,1
42468,1
14542,1
796,1
55200,1
85436,1
17432,0
43629,1
53049,1
74243,1
34140,1
31484,1
14830,1
65205,1
13406,1
53649,1
53011,1
12582,1
40046,1
51768,0
81490,1
18915,1
59810,1
6958,1
17178,1
72160,0
31159,1
54751,0
78575,1
64691,1
81657,1
88258,1
81570,1
36543,1
4378,1
68457,1
75666,1
38316,1
22937,1
12338,1
29815,1
33688,1
31542,1
30507,1
43215,1
64274,1
27818,1
37213,1
8225,1
50838,1
23901,1
35793,0
1383,1
10932,1
64972,1
20276,1
46342,0
32398,1
45399,1
62222,1
16264,1
18753,1
5506,0
62889,1
18419,1
3273,1
38140,1
87077,1
38783,1
130,1
41112,1
58530,1
46641,1
23553,1
80668,1
28837,1
27311,1
65762,1
50888,1
71793,1
25258,1
18714,1
73755,1
6593,1
82442,1
23171,1
28393,1
60944,1
46496,1
72435,1
65557,1
52954,1
78299,1
7322,1
49333,1
41566,1
3203,1
14483,1
74286,1
59670,0
41865,1
28363,1
39226,1
46086,0
910,1
39407,1
60544,1
3020,0
34823,0
55827,1
19661,1
21301,1
15934,0
2478,1
14648,1
85777,1
50769,1
12202,0
14248,0
659,1
53636,1
19380,1
41586,1
12898,1
43706,1
12016,1
1889,1
33468,1
74941,1
41731,1
46388,1
30721,0
21942,1
22809,0
67466,1
32802,1
9310,1
18547,1
81723,1
49476,1
11740,1
15570,1
35100,1
21418,1
27766,1
52285,1
2613,1
15389,1
3749,1
7215,1
80992,0
49623,1
28761,1
73518,1
10662,1
71082,1
45018,1
41143,0
30886,1
13197,1
83972,1
26311,1
61058,1
18218,1
63739,1
61095,1
79034,1
68285,0
22414,0
44882,1
59747,1
654,0
20885,1
9859,0
79519,1
66686,1
52080,1
57761,1
38737,1
13817,1
17944,1
20770,1
37072,1
28045,1
58460,0
77610,1
32913,1
19852,1
6827,1
57007,1
30513,1
35559,1
68664,1
11867,0
38309,1
47030,1
72610,1
39805,0
58497,1
72953,1
63308,1
7902,0
80496,1
26771,1
39530,1
68825,0
16715,1
38953,1
266,1
85403,1
11261,1
81517,1
6276,1
23183,1
68823,1
38001,1
54244,1
69488,0
46871,1
10496,1
49164,0
10559,1
34153,1
35876,1
56698,1
43531,0
63110,1
34931,1
56810,1
1455,1
45337,1
8603,0
1522,0
8528,1
27196,1
700,1
26618,1
8450,1
48663,1
53808,1
40355,1
62996,1
82247,1
18315,1
31300,1
20422,1
36852,1
81006,1
3870,1
24950,1
4765,1
2114,1
22541,1
6500,1
80397,1
54246,1
89472,1
75785,1
56670,1
84330,1
51988,1
48829,1
40449,0
6756,1
82557,1
75814,1
37097,1
37171,1
50230,0
16219,0
62464,1
65764,0
50678,1
48250,1
58969,1
51435,1
53509,1
67213,1
52722,1
54173,1
29275,1
35942,1
67552,1
2185,1
75008,1
86466,1
56674,1
27007,1
21952,1
61464,0
16103,1
87587,1
26562,1
46846,1
68788,1
71856,1
7499,1
49184,1
60857,1
9102,1
51473,1
86041,1
79010,1
8818,1
71106,1
54934,1
55436,1
6158,1
39038,1
22448,1
17245,1
44844,1
719,1
21641,1
75280,1
42861,1
6196,1
28390,1
68373,1
22675,1
26578,1
81084,1
2851,1
13868,1
18047,0
48174,1
39386,1
38014,1
37417,1
66643,1
18206,1
12712,1
45149,1
74733,1
51572,1
70813,1
26752,1
64462,0
79789,1
82358,1
36922,1
25181,1
66464,1
5346,1
78625,1
25698,1
17031,1
71063,1
49272,1
71020,1
27353,1
58549,1
28018,1
6356,1
20086,1
29152,1
47327,1
57954,1
49108,1
50826,1
3205,1
8248,1
87114,1
71112,1
6378,1
15596,1
79418,1
49139,1
20481,1
45017,1
76645,1
46725,1
22196,1
61672,1
15443,1
59071,0
86222,1
1595,1
88345,0
56891,1
57571,1
13745,1
14720,1
27497,1
54007,1
85946,1
56348,1
64111,1
53537,1
14285,1
2442,1
13430,1
18359,1
18560,1
8898,1
57021,1
60970,1
68174,1
83715,1
48889,1
6701,1
37023,1
37211,1
82892,1
69739,1
24129,0
80680,0
5424,1
38475,1
62104,1
88715,1
22334,1
15058,1
9146,1
46490,1
48641,1
59629,1
14985,1
69802,1
21962,1
6220,1
42690,1
35776,1
52007,1
2076,1
68743,1
29087,1
65299,1
32819,1
59925,1
6306,1
802,1
73534,1
70207,1
36979,1
76273,1
39086,1
38582,1
2412,1
13856,1
87847,1
39159,1
20944,1
66866,1
33240,1
63122,0
31165,1
35049,0
88495,1
63689,1
26432,1
73202,1
59423,1
27502,1
9217,1
71901,1
40625,1
48459,1
7504,1
17519,1
8597,1
21885,1
56176,1
78602,1
80980,1
83412,1
88514,0
36020,1
27510,1
71644,1
4411,1
42855,1
14911,1
12158,1
14219,1
2339,1
3878,1
51158,1
48165,1
14863,1
33327,1
85504,0
30192,0
24509,1
49105,1
60283,1
60606,1
69876,1
72557,1
55609,1
52581,1
17135,0
46565,0
683,1
22660,1
37249,1
57095,1
49284,1
34016,0
69728,1
46569,1
80491,1
29339,1
3449,1
54486,1
53495,1
7360,1
41218,1
83790,1
29990,1
72147,1
69492,1
19600,1
68747,1
9812,1
83242,1
77144,1
34438,1
14022,0
53226,1
36765,1
35085,1
10207,1
86614,1
33274,1
14800,1
77978,1
80405,1
44778,1
19022,1
89939,1
40119,1
66213,1
45530,1
26227,1
86602,1
52212,1
73249,1
51328,1
8444,1
50954,1
74750,1
72519,1
9791,1
48739,1
39979,1
84298,1
84852,1
6041,1
62216,1
89141,1
87541,1
9139,0
50688,1
66979,1
37350,1
84055,1
12316,1
88125,1
67940,1
61439,1
39803,1
82719,1
60244,1
78069,1
13569,1
65398,1
60542,0
45043,1
88098,1
40338,1
24137,1
30702,1
80661,1
44163,1
20639,1
53455,1
60378,1
11394,0
45713,1
44803,1
64210,0
18,1
51744,1
74717,1
26715,1
20116,1
33955,1
47531,0
25110,1
5041,1
81129,1
13721,1
46116,1
4215,1
31107,1
17518,1
4299,1
66138,1
33018,1
75042,1
74244,1
79097,1
71296,1
17050,1
77882,0
57525,1
55673,1
56647,1
86432,1
12833,1
37615,1
8992,1
72226,1
2906,1
47776,1
45743,1
20068,1
40562,1
35197,1
36356,1
74299,1
22310,1
62935,0
43312,1
20550,0
17579,1
42554,0
44731,1
40931,1
13313,1
9982,1
20624,0
2129,1
55446,1
73877,0
58265,1
81587,1
14727,1
65485,1
22787,1
58982,1
49946,1
23556,0
11987,0
19538,1
74531,1
2318,1
72024,1
86483,1
34493,1
42859,1
86221,1
20255,1
21577,1
22194,1
43254,1
15052,1
13472,1
68169,1
13414,1
56092,1
27529,1
27089,1
40032,1
74934,0
51545,1
53881,1
58074,1
88656,1
80454,1
3724,1
398,1
19059,1
6106,1
49870,1
61307,1
87829,1
82745,0
6069,1
69138,1
73228,1
50702,1
57862,1
6078,1
83110,1
60474,1
10641,1
43087,1
70951,1
78033,1
66259,1
61232,0
63244,1
71841,1
82405,1
82303,1
72424,1
80121,1
69859,1
12352,1
13504,1
10889,1
14160,1
26277,1
86580,1
11177,1
11991,1
56073,1
36320,0
88432,1
66335,0
59884,1
64187,1
83783,1
35846,1
57755,1
52483,1
8776,1
23628,1
4848,1
81149,1
79375,1
70413,1
63071,1
16039,1
9242,1
66265,1
33627,1
75906,1
20750,1
37290,1
81415,0
73188,1
69490,1
56746,0
40216,1
41288,1
40636,1
35684,1
26427,1
40282,1
16307,1
80277,1
54068,1
51997,1
9114,1
26256,1
73375,1
59970,1
62463,1
84487,1
3904,1
46716,1
19465,1
24164,1
6182,1
47440,1
50214,1
24536,1
6098,1
44076,0
3371,1
48234,1
87035,1
37467,1
31037,1
83064,1
9768,0
79924,0
55402,1
24424,1
30446,1
8131,1
55090,1
11169,0
84792,1
80370,1
38837,1
88253,1
88655,1
75953,1
18297,1
81755,1
315,1
72996,1
12619,1
42006,1
61126,1
9675,0
7719,1
42059,1
25360,1
12019,0
21971,1
69296,0
31995,1
53194,1
51171,1
79909,1
89590,0
45032,1
58941,1
5190,1
88972,1
3910,1
38789,1
12810,1
74010,0
50439,1
8194,1
66471,1
63051,1
59872,1
41872,1
69213,1
41955,1
39502,1
35565,1
12070,1
71067,1
55916,1
76418,1
33182,1
1694,0
65513,1
42062,1
64033,1
25049,1
65928,1
26082,0
6965,1
5629,1
33993,1
40308,1
82140,1
4536,0
456,1
69786,1
45109,1
2794,1
40825,1
42833,1
76255,1
79824,1
10874,1
41571,1
32011,1
18914,1
34187,1
31086,0
41284,1
49921,1
62614,1
82108,1
7596,0
70863,1
58681,0
43295,1
69297,1
78448,1
61031,1
51530,1
59579,1
40241,1
22577,1
34367,1
19106,1
87923,1
71216,1
89628,1
9333,1
60257,1
73929,1
33144,0
4070,1
32972,1
26801,0
27906,1
62758,1
54574,1
39297,1
75910,1
13807,1
38293,0
48438,1
76074,0
70424,1
73128,0
22195,1
76945,1
47215,1
42702,1
57870,1
9248,1
58260,1
22619,1
78017,1
81173,0
37995,1
35272,1
64756,1
12844,1
45108,1
26099,1
77265,1
51868,1
74704,0
34621,0
39531,1
80871,0
51556,1
79642,1
78534,1
37463,1
14903,1
6303,1
84534,1
13540,1
23616,1
16784,1
47859,1
63616,0
61642,1
45003,1
81917,1
85224,1
81739,1
17777,1
86977,1
64776,1
83700,1
47715,1
20114,1
11635,1
69903,1
36006,1
40990,1
2320,1
72103,1
72606,1
73894,1
4851,1
86223,1
15472,1
17060,1
71980,0
80038,1
57024,1
5443,1
23210,1
51934,1
2464,1
51485,1
32835,1
17810,1
71500,1
59607,1
32046,1
43702,0
20226,1
47668,0
18829,1
80318,1
29892,1
82528,1
48552,0
8435,1
22914,1
77404,1
58809,0
22643,1
15404,1
6525,1
59558,1
67478,1
53830,1
23619,1
14202,1
19948,1
25072,1
78088,1
32619,1
20034,1
86215,1
10911,1
3860,1
89494,1
56021,1
40979,0
65948,1
88190,1
87125,1
49230,1
24191,1
53196,1
88169,1
27241,1
13831,1
84636,1
9220,1
58650,1
56707,1
82700,1
29908,0
48330,1
75299,1
52509,1
89655,1
50937,1
51820,1
31254,0
81139,1
52256,0
86708,1
66636,1
37333,1
25406,1
24886,1
89165,1
65374,1
5400,1
48417,1
79529,1
82576,1
5649,1
30738,1
10166,1
87052,1
38030,1
83633,1
65564,1
9899,1
81702,1
40628,1
39829,1
20288,1
62411,1
49534,1
48292,1
40997,1
53682,1
2328,1
5428,0
19721,1
64127,1
43136,1
64031,1
87439,1
4046,1
32309,1
34247,1
40568,0
40404,1
81735,1
29789,1
11650,1
55294,1
6175,1
29195,1
7193,1
68127,1
11662,1
14216,1
84879,1
88907,1
36555,1
54616,1
35355,1
40812,1
82065,0
72217,1
18844,1
86234,1
51079,1
43983,1
33943,1
77307,1
35895,1
18550,1
15607,1
5204,0
64910,0
61872,1
30903,0
50548,0
32613,1
70781,1
24869,1
3748,0
49739,1
17754,1
3429,0
23409,1
50556,1
63486,1
6265,1
43439,1
46179,1
27199,1
25634,1
72070,1
55941,0
55701,0
52861,1
940,1
57652,1
51722,1
72065,1
3683,0
26070,1
1851,1
7259,0
48450,1
88250,1
28249,1
33804,1
21478,1
42980,1
2568,1
29445,1
53276,1
26877,1
89865,1
48681,1
3610,1
49219,1
68067,1
54456,1
81791,1
15773,1
74362,1
73213,1
46689,1
87677,1
7373,1
11106,0
55327,1
8720,1
8516,1
33566,1
24072,1
27451,0
6793,1
78720,1
18471,0
48434,1
71042,1
3741,1
16823,1
69305,1
63756,1
63797,0
16265,1
21845,0
27141,1
39118,0
13770,1
88016,1
61996,1
72414,1
41630,1
85408,1
74734,1
60737,1
39639,1
26197,1
61836,0
85286,1
36951,1
80043,1
65907,0
21585,1
12114,0
34048,1
22217,1
42921,0
73158,1
9802,1
81249,0
53966,1
1710,1
23071,1
2416,1
43837,1
10208,1
42322,1
23151,1
83478,1
56289,1
89864,1
78707,1
31280,1
32920,1
25461,1
57693,1
86033,1
39831,1
25380,1
24332,1
89904,1
7117,1
4105,1
61786,1
78016,1
12567,1
79040,1
1075,0
45693,1
60446,1
5924,0
38749,1
64516,1
27513,1
60302,1
78719,0
75921,1
83449,0
45809,1
63443,1
14015,1
2403,1
74905,1
6783,1
13800,1
36549,1
87085,1
41662,1
5887,1
43172,1
15891,1
30223,1
59754,1
41496,0
31840,1
33594,1
66216,1
29600,1
64355,1
82015,1
51806,1
7988,1
70468,1
34573,0
88808,1
79613,1
13551,1
15154,1
28984,1
32741,1
2465,1
18392,1
18691,1
28089,1
29560,1
78311,1
58407,0
41606,1
27613,1
23288,1
61757,1
30709,1
13629,1
59240,0
66019,1
54915,1
27607,0
71263,1
9776,1
22329,1
4643,1
7399,1
66332,1
61102,0
73957,1
9285,1
35575,1
70785,1
3286,1
9,1
73590,1
82499,1
81648,0
17528,1
36955,1
57815,1
23531,1
55810,1
50006,1
76352,1
64356,1
78958,1
57977,1
36682,1
54163,1
81931,1
32035,1
40690,1
88355,0
28355,1
82148,1
2933,1
3424,1
66940,1
42909,1
20977,1
73469,1
82783,1
25278,0
54729,1
37598,1
21607,1
62705,1
10319,1
59990,0
39451,1
46287,0
5111,1
87499,1
21226,0
83666,1
12459,1
85673,1
27039,1
66101,1
49129,1
1624,1
7640,1
806,1
27048,1
72332,1
74118,1
76365,1
45095,0
48035,1
49280,1
6688,0
55225,0
38004,1
84218,1
79801,1
71061,1
35887,1
66168,1
81274,1
44453,1
35018,1
10935,1
56673,1
56753,1
46078,1
5521,1
2580,1
71002,1
64627,1
53786,1
21387,0
42147,1
67727,1
4367,1
9215,1
32315,1
81826,1
56963,1
18623,1
78911,1
49772,1
68460,1
29388,1
23428,1
62633,1
68658,1
43759,1
5962,1
68090,1
84786,1
28803,1
63348,1
12051,1
84058,0
10241,1
86290,1
10956,1
67582,1
4611,0
46154,1
33363,1
42056,0
81332,1
56476,1
64082,1
39134,1
44874,1
28826,1
43787,1
71480,1
877,1
33602,1
35467,0
44937,1
28723,0
73259,1
88784,1
89106,1
20173,1
79616,1
14536,0
21114,1
56887,1
63866,1
14126,1
49103,1
7042,1
57466,1
56046,1
77917,1
1745,1
4031,1
44687,1
6229,1
12122,1
61502,1
50925,1
85191,1
77330,1
21517,1
66992,1
79750,1
44547,1
59164,1
79122,1
53296,1
29045,1
7352,1
49848,0
25459,1
30196,1
3230,1
53218,0
29518,1
34191,1
74043,1
2509,1
64893,1
70840,0
67746,1
3021,1
57312,0
19107,1
2834,1
83981,1
46001,1
55349,1
78344,1
23361,1
47492,1
38998,1
70451,1
57976,1
51252,1
39071,1
28909,1
63564,1
42663,1
10255,1
9704,0
68883,1
69831,1
57924,1
65324,1
52556,1
59971,1
74044,1
75216,1
65022,1
59883,1
55837,1
26680,1
69969,1
3262,1
71345,1
29640,1
36535,1
21504,1
49740,1
16651,1
17079,1
79862,1
1900,0
40661,0
53796,1
24344,0
63261,1
52849,0
8520,1
43178,1
67285,1
27243,0
85901,1
87456,0
53213,1
15132,1
49857,0
86949,1
39088,1
67551,1
68181,1
36453,1
31636,0
13941,1
61038,0
33918,1
37840,1
63368,1
58994,1
74252,1
80997,1
53545,1
78624,1
19472,1
54053,1
1251,1
28779,1
7547,1
19468,1
84133,1
48606,1
6268,1
61920,1
4877,1
84638,1
40499,1
85732,1
48560,1
74782,1
34602,1
54255,1
77098,1
30351,1
51446,1
64215,1
18122,1
85201,1
79850,1
81810,1
68369,1
13352,1
16835,1
88070,1
82493,1
64886,1
2951,1
69868,1
73151,1
42655,1
43812,1
53772,1
65682,1
25783,1
64683,1
76312,1
38534,1
69988,1
39616,1
36071,1
2852,1
85456,1
13237,1
59661,1
33185,1
72339,1
10114,1
74789,0
74185,1
23492,1
14037,1
84971,1
84500,1
3190,1
69361,1
6300,1
56985,1
13244,1
35221,1
21417,1
29647,0
72377,1
81382,1
81528,1
17461,1
53002,1
64376,1
41626,1
83998,1
68691,1
88755,1
64136,1
2764,1
15085,1
12950,1
16205,1
27504,1
34888,1
50129,1
78029,1
60332,1
68455,1
68773,1
23623,1
76793,0
44839,1
37420,1
9973,1
11022,1
24397,1
29176,1
74578,1
66839,1
2705,1
11911,1
51621,1
33370,1
37156,1
4006,1
5707,1
78221,0
49555,1
59888,1
13820,1
65704,1
10272,1
63059,1
53827,1
25034,1
28993,1
40219,1
66805,1
74584,1
48381,1
27792,1
26742,1
69420,1
16903,1
22396,1
41342,1
74201,0
71540,1
23374,0
13946,0
14556,1
67586,1
54126,1
79652,1
83830,1
67094,1
67769,1
38831,1
39425,1
72825,1
84601,1
4016,1
26573,1
73033,0
1981,1
72287,1
66473,1
38201,1
14475,1
65339,1
14020,1
82738,1
5348,1
74757,1
17830,0
43779,1
13412,1
64710,0
17790,1
44026,1
55521,1
40884,1
27087,0
52548,1
79991,0
89303,1
54038,1
2166,1
51177,1
87266,1
79895,1
8596,1
83799,1
52334,1
86628,1
44535,1
34568,1
16852,1
10903,1
48140,1
86101,0
21839,1
64420,1
23605,1
84378,1
78692,1
71003,1
88979,1
86111,0
61990,1
40145,0
894,1
64330,1
11619,1
36493,1
32092,0
53951,1
75292,1
56116,1
59981,1
30431,1
57838,1
64709,1
20613,1
33135,1
31207,1
34430,1
37112,1
47998,1
63755,1
61584,1
50128,1
32402,1
73702,0
49904,1
10209,1
40331,1
12697,1
77121,1
89540,1
75587,1
39855,1
20277,0
57831,1
22358,1
77855,0
47624,1
87050,1
17406,1
54549,1
12419,1
52858,1
5971,1
47763,1
69550,1
40205,1
39214,1
49814,1
47983,1
71309,1
5405,1
69828,1
81389,1
65311,1
77031,1
73765,1
25749,1
4338,1
24893,0
44720,1
5693,0
35105,1
77212,1
4010,0
34355,1
15943,1
29805,1
66481,1
68763,1
77594,1
55516,0
52033,1
1850,1
62273,1
33413,1
16021,1
75688,1
2419,1
89207,1
50545,1
38722,1
764,1
2220,1
26154,0
3728,1
12068,1
85277,1
50927,0
898,1
87051,1
70298,1
28777,1
79245,1
87104,1
36503,1
80060,1
3840,1
74380,1
84179,1
14061,1
86607,1
8060,1
16728,1
40319,1
46413,1
56976,1
24226,1
4271,1
39022,0
83382,1
21251,0
68521,1
19233,0
9685,1
9963,1
50728,1
44538,1
34168,1
83630,1
25370,1
62560,1
79121,1
39293,1
23457,1
87859,1
76670,1
17785,1
47098,1
64068,0
31332,1
5814,1
34970,1
88078,0
42162,1
38635,1
59189,1
42191,1
17462,1
41584,1
19128,1
45537,1
66751,1
58619,1
83897,1
82137,0
43773,1
46415,1
65238,1
25695,1
68680,1
57011,1
53442,1
36065,1
16359,1
74432,1
50466,1
86062,1
31175,1
60625,1
10894,1
67415,1
71969,1
26094,1
51445,1
50517,1
16108,1
25665,1
54589,1
18619,1
87903,0
85324,1
76152,1
85749,1
24325,1
50943,1
26905,1
61534,1
74796,1
10218,0
6498,1
59452,1
68594,1
85202,1
63219,1
39475,0
57788,1
32,0
21621,1
79976,1
53867,1
50221,1
64131,1
81183,1
