id,Label
22406,1
19495,0
59875,0
40297,0
50696,0
12761,0
33084,0
37570,1
23831,1
10742,0
12234,1
16677,0
67315,0
24782,1
23235,0
68084,0
14951,1
6818,0
44748,0
20345,1
32147,1
70021,0
14990,0
2600,1
22181,0
76760,0
40303,0
30921,0
62174,0
22633,0
86852,0
18834,1
83705,1
53973,0
40977,1
21492,1
11585,1
17510,1
63410,1
7585,1
33898,0
1469,1
13097,1
31803,1
5810,0
89084,0
70999,0
74668,1
34347,1
68591,1
60747,0
78,0
52704,0
6526,1
23853,1
42828,0
50436,0
40619,0
32653,0
19885,0
60192,1
88273,0
8058,1
29267,1
82945,0
84342,0
10981,1
64492,0
37745,0
8081,1
81217,0
63742,0
31291,0
80510,1
43115,0
42291,0
34666,1
15626,1
20137,1
73125,1
1007,0
81633,0
31530,1
63884,0
9813,1
16040,0
73299,0
82774,1
7420,0
74944,0
59263,0
1158,0
86461,1
45964,0
26844,0
3457,1
51903,1
14054,0
85035,0
86731,0
31833,0
38220,0
89988,0
67498,0
45695,0
56009,0
71514,0
51614,1
38927,0
29224,1
37336,1
52368,0
11282,1
52461,1
56725,0
27110,1
67900,1
5745,1
42313,0
12621,1
50507,1
12708,1
17085,0
76947,0
85837,0
60760,0
10606,0
88777,0
82028,0
35308,0
46753,0
80706,0
52310,0
39474,0
75009,1
44426,1
18863,0
21630,0
71798,0
77209,0
21542,1
8722,0
29446,1
10473,0
39690,0
26914,1
64025,0
35863,0
57576,0
56232,0
8152,0
32963,1
77055,1
38489,0
52870,1
21870,1
3588,0
52023,1
1634,0
87647,0
67142,0
60661,1
60250,1
4774,1
37633,1
24482,1
34494,1
66255,1
30177,0
74758,0
71819,1
84272,1
27876,0
30672,1
65490,1
14940,0
1688,0
67758,0
87679,1
10101,0
58499,1
44611,0
4051,1
70803,1
28476,1
46696,0
2912,0
46525,0
77787,1
62148,0
48368,0
11086,1
89785,1
30641,0
19858,1
81273,1
3400,1
40521,1
19934,0
16866,1
82020,0
63949,0
68692,0
17663,0
12539,1
79844,0
43292,0
13236,1
76447,0
76679,0
25050,1
48863,0
11456,1
84332,1
61816,1
5861,0
84992,1
61338,0
50681,1
69807,0
76735,1
41083,0
7406,0
53425,0
72425,1
66926,1
42802,0
41418,1
24734,0
38941,1
38786,1
15113,0
22956,1
35553,0
26009,0
85485,0
12298,1
44275,0
41775,0
19990,1
25669,0
38761,0
24415,0
44550,0
16795,0
25723,0
89019,0
52953,1
50013,0
67354,0
70223,0
83394,0
5285,0
72525,0
87352,0
21671,0
7478,0
13829,0
87394,0
52951,0
28880,0
23976,0
17445,0
39304,0
34185,0
32060,0
8265,1
17969,1
2445,0
67048,1
53211,0
31631,1
16012,0
43694,0
57794,1
81394,1
4977,0
41514,0
11437,0
55217,0
2261,0
47944,0
38655,1
1920,0
75110,1
7908,1
16565,1
87794,0
77482,0
40175,0
87224,0
5385,0
13191,0
36851,0
8558,1
85669,0
88040,0
9265,1
82025,1
67680,1
36470,1
74697,0
61433,0
18943,0
35453,1
20857,0
57123,1
73344,1
26299,0
83003,0
74672,0
87637,0
56564,0
1778,0
57650,0
69749,0
32767,1
13014,0
49635,0
83707,0
59957,0
65664,1
85086,1
84878,0
45184,0
48120,0
2628,1
34312,0
66491,0
85487,0
3296,0
18684,1
12231,1
63733,0
62688,0
58070,0
50956,0
89423,1
58561,0
22003,0
41903,0
81584,0
56878,1
6908,1
73719,0
88878,0
62147,0
39557,0
65737,1
1628,0
40038,0
38298,0
62491,0
50440,1
977,1
64920,1
17868,1
44070,0
43306,1
45836,0
9682,0
58485,0
51480,1
50778,0
17051,0
48689,0
75634,0
37613,0
55221,0
87319,1
76526,0
59127,1
87559,0
4776,0
69419,0
60372,1
86054,0
79555,1
14030,1
67383,1
49096,1
38406,0
87365,1
60653,0
48672,1
75225,0
85484,1
8896,0
14893,0
44353,0
61420,0
87073,0
75603,0
22292,1
65572,0
57549,0
65451,0
69806,0
50109,0
85299,0
74284,1
20913,1
24993,1
50735,0
23621,1
17327,1
48308,0
31941,0
48966,0
16876,0
19856,0
80671,0
85906,0
74621,0
56755,0
53557,0
18988,0
39206,1
51558,1
71249,0
39471,0
61560,0
24453,0
24022,0
36911,1
31754,1
83883,1
38675,0
47302,1
19662,0
7812,1
71399,1
25029,0
57474,0
24711,0
24720,0
57894,0
74641,0
53094,1
8739,0
57456,0
44631,0
29597,0
82456,1
3418,0
39480,1
10247,1
31912,0
69675,0
22456,0
76381,1
14998,1
31402,1
3834,1
19870,1
33540,1
37814,1
19867,0
78867,0
35293,1
43128,0
60014,0
47059,0
47982,1
73591,0
59393,0
46962,1
22316,1
80163,0
89660,1
49130,1
75260,0
47291,1
36712,1
8013,0
89474,0
33188,1
23274,1
84346,0
71684,0
71820,1
29040,0
84220,0
16471,1
74792,0
55075,0
4551,0
81850,0
41632,0
6511,0
62632,1
81759,1
70591,0
43348,0
17811,1
24412,1
79316,0
86079,0
24563,0
67722,0
21894,0
72133,0
9150,1
65600,1
56585,0
891,0
30092,0
28649,1
75565,0
74148,0
36099,1
59790,1
70178,0
39759,0
65262,1
36311,1
1834,0
62645,1
34545,1
31005,0
14950,0
59763,0
71794,0
43241,0
25791,0
76195,1
76392,0
28350,1
11345,1
21864,1
85268,0
62653,0
67336,0
55233,0
56818,1
51854,0
37832,0
80837,0
61947,1
72474,0
81038,1
56321,0
32872,0
33078,0
25286,0
47587,1
13730,1
9456,0
73035,0
67186,0
443,1
59081,0
25700,0
49655,0
3059,1
53028,1
81997,0
41109,0
74320,1
58034,0
40050,0
79336,0
84698,0
56800,0
578,1
44027,0
66070,1
82728,0
25519,0
31585,0
62377,0
26237,1
61305,0
340,0
46549,0
84297,0
87984,0
61387,0
83856,0
25736,1
88513,1
20096,0
52155,0
81797,0
50657,0
62531,1
65692,0
74450,0
47219,0
45832,1
53767,0
64673,0
57928,0
31345,0
17345,0
17755,0
79501,0
53278,0
36547,1
11346,0
86701,1
55462,0
32658,0
65379,1
13821,0
21062,1
31000,0
89328,0
89071,0
63924,0
64008,0
76732,0
80244,1
61687,1
67187,0
3548,0
1441,0
76870,0
36678,1
68718,1
43686,1
28644,0
14761,0
63982,0
30977,0
89812,0
61596,0
83656,0
53521,0
72548,0
25126,1
4627,0
14910,0
1706,0
60553,0
81941,0
1895,0
23093,0
41550,0
54709,0
26160,1
86210,1
2645,0
29074,0
75064,1
39665,0
46650,1
74630,0
45384,0
68645,0
43669,0
17057,1
84788,0
35267,0
1341,0
45098,0
37816,0
27248,0
61857,0
23120,1
76972,1
31592,0
11332,0
73484,0
13177,0
10537,0
60788,0
7694,0
60574,1
81866,0
23577,0
51706,0
8902,1
20871,0
9097,1
56292,0
49275,1
22845,1
47818,0
74368,0
40826,0
50059,0
64659,0
26090,1
31030,0
69616,0
56119,0
74851,1
35951,1
76722,0
68381,0
5799,0
33526,0
8424,0
6684,0
3240,0
28436,0
18959,1
43181,0
52082,0
39125,1
30114,1
50667,0
13948,0
77516,1
42714,0
43025,1
27438,0
54261,1
60308,1
39383,0
57611,0
21433,0
49266,0
77697,0
45303,1
30050,0
37799,0
87775,1
8582,0
73815,0
19853,0
79763,0
87008,0
57842,0
40996,0
84930,1
77343,0
14265,0
41165,0
60350,0
40431,0
25118,0
77674,1
41899,0
46999,0
16639,1
45401,1
79873,1
4287,0
4686,0
78483,0
81240,1
18299,1
47251,0
37255,0
73805,0
19188,1
3469,0
60301,0
62969,1
1107,0
23835,0
7192,0
50003,0
28840,0
70176,0
45929,0
85631,0
77738,1
5197,1
47174,1
87318,0
46332,0
48671,0
17674,1
32817,0
75514,1
34428,0
70148,1
36917,1
6782,0
15230,0
35563,0
40408,1
55632,1
4040,0
83665,0
53905,0
79085,1
7620,1
64287,1
36027,0
9806,0
23890,1
38549,1
69005,0
83786,0
41593,0
64746,1
63594,0
70526,0
86656,1
18602,0
68603,0
80747,1
22016,0
67437,1
62417,0
27019,1
18900,0
82676,0
89981,1
22028,1
1944,0
16244,0
13468,0
81408,1
81918,1
27779,1
66693,1
5426,0
48576,0
30257,1
14199,1
89768,0
68185,1
41773,0
740,0
75018,1
63047,1
65048,0
16128,0
22403,0
79109,0
51632,0
16430,1
87429,0
46398,1
29175,1
34456,0
69756,0
60109,1
17767,0
55758,0
29451,0
8729,0
3264,0
38256,0
68716,1
11036,0
24977,1
27651,0
61261,1
36870,0
84576,0
55520,0
57916,1
16650,0
47986,1
48382,0
44126,0
11263,1
89163,0
51898,0
47195,1
77,0
50097,1
24933,0
42519,0
33414,0
952,1
47099,0
48624,1
43143,0
67331,0
48996,1
15837,0
32446,0
7744,0
40765,1
20313,0
47188,0
703,0
48397,0
56409,1
48639,0
84340,1
36777,1
76319,1
35304,1
63705,1
16534,0
9318,0
31880,0
49464,0
14939,0
17317,1
1130,1
29391,1
12661,1
78048,1
44022,0
18335,1
49359,1
72532,0
40406,0
69589,0
86928,1
63471,0
52784,1
42559,1
44175,0
50736,0
3098,0
86407,0
34134,1
55076,0
74623,0
54343,0
28636,0
56391,0
7061,0
82147,0
35031,1
87640,0
81065,0
18839,0
39150,0
58405,0
80546,0
68605,0
89048,0
60424,0
60423,0
37975,0
70927,1
11107,0
24928,1
8098,0
22065,0
30150,1
81118,0
61501,0
72410,1
55836,0
35448,0
64124,0
63171,0
2504,0
162,1
40795,1
62303,0
38021,1
85804,0
82440,0
12902,0
23415,1
75563,0
28410,0
35678,0
23395,0
70859,0
71031,0
3608,1
40102,0
49616,1
73352,0
518,1
73691,0
49214,0
26856,0
26444,1
71893,0
75956,0
56526,1
13354,0
70003,1
81340,1
15833,1
31709,0
63868,0
58542,1
37236,0
55105,0
12502,1
7038,0
62197,1
88872,1
89650,0
27740,0
68622,0
7016,1
34642,0
18750,0
74354,0
4158,1
65114,0
3901,0
78649,1
7428,1
5575,1
40270,1
13728,0
84769,1
28786,0
29348,1
82591,0
48823,0
13635,0
23747,0
82458,0
87828,0
27888,1
23050,0
6055,0
22999,1
72296,1
17681,1
25199,0
10330,0
1768,0
75217,0
73783,1
48012,0
73925,1
5943,0
50616,1
20362,1
42646,1
81148,0
89890,1
23852,1
44718,0
15511,0
7848,0
58651,0
42898,0
64543,1
64605,1
76826,1
64907,0
38653,0
46774,1
36610,0
74801,1
89725,1
10811,1
9190,0
43361,0
78998,1
337,0
46190,0
13911,1
42174,1
55674,0
26512,0
32300,1
14744,0
6955,1
70331,1
63186,0
85559,0
19729,1
50206,0
3736,1
50020,1
77926,0
29642,1
19099,0
44862,0
52192,0
1073,1
45341,0
28052,0
15674,1
24009,1
1683,0
59710,0
51629,0
20782,1
9186,1
8204,0
74896,0
66984,1
15904,0
71336,0
80025,1
3444,0
70250,0
37036,1
43022,1
34021,1
82364,1
33732,1
89320,1
79077,0
6948,0
8228,0
33000,0
8051,0
84168,0
60577,0
15784,0
71005,1
45054,0
29782,1
9315,1
44377,0
62053,0
9302,0
81786,0
43928,0
33374,1
9945,1
80568,1
6178,1
6388,1
87053,1
12908,1
3941,0
12620,0
82539,0
37665,0
13789,1
65434,1
42873,1
30191,1
12675,0
70521,0
3001,0
83787,1
45228,0
18480,1
36942,0
38766,0
81333,0
9515,0
28987,0
34883,1
50551,0
4072,1
59151,1
22648,1
68807,0
69789,0
22605,1
16737,1
27857,0
81175,0
25267,0
26878,0
50920,0
58217,0
40623,1
39145,0
30530,0
23083,0
74741,1
89799,0
37498,1
8892,0
71873,0
71662,0
40886,1
8613,1
67713,1
30987,0
35246,0
55988,0
65080,0
18282,0
5445,1
15017,0
20032,1
61962,1
73435,1
11998,0
15236,0
81211,0
18882,0
26706,0
32437,0
12321,1
55222,0
53313,0
76939,0
75285,0
72648,1
34924,0
37751,1
28302,1
32629,0
20889,1
72063,1
50915,0
19103,1
3367,0
5821,0
2745,1
75874,0
53910,0
50932,0
77742,0
72077,1
17902,0
45305,1
73065,0
39487,0
8379,0
61916,1
36375,0
2756,1
53975,1
63485,1
20217,1
50628,0
31762,0
52679,0
41577,0
61851,0
81119,0
74090,0
37361,0
89612,0
85634,0
9460,0
43997,0
38209,1
18258,0
8381,0
30877,0
39752,1
79268,1
25160,1
73824,1
40233,1
84222,0
75421,0
20442,0
184,1
75542,0
44465,1
57003,0
6939,1
81072,0
68744,1
8101,1
63977,1
54012,1
73466,0
29582,0
4853,1
14345,1
82775,1
69725,0
87234,0
6603,0
71568,1
35215,1
23946,1
67690,0
52876,0
21800,0
57018,0
22369,0
10653,0
68004,0
83058,0
32059,1
70401,0
41502,0
57826,0
62694,0
59608,0
43327,0
74155,0
48015,0
67207,0
57166,1
73323,0
54583,0
56706,1
34087,0
42612,0
73031,1
41321,0
33593,0
60234,0
2374,0
45084,1
41590,1
54138,0
62710,0
3958,1
88636,0
71065,1
27416,1
29007,0
36940,0
87562,1
77654,0
74028,0
89816,1
62740,0
37532,1
57509,0
38132,1
18963,1
15232,1
32860,0
52744,1
82702,0
77106,0
61815,0
65407,1
7357,0
11183,0
39020,0
88802,0
20005,1
31265,0
30869,0
10760,0
28037,0
29717,0
33302,1
2068,1
34606,1
81903,0
2408,0
13968,0
79914,1
78838,0
26960,0
35754,1
29702,1
80413,1
24310,1
34,0
24872,0
9015,1
9686,0
70446,0
49713,1
33985,0
34232,1
66645,0
4756,0
77409,0
65912,0
29862,1
68863,0
32966,1
44817,0
51013,0
2037,0
18051,0
36934,1
3218,1
54594,1
38746,0
59026,0
82896,1
21940,0
16176,0
30643,0
48701,1
8856,0
17004,0
39779,0
39026,1
712,1
38813,0
68417,1
81603,0
73362,0
77756,0
77275,0
59134,1
73741,0
43915,0
44468,0
67119,0
41275,1
48082,1
62930,0
55450,1
64842,0
78944,1
55734,1
78061,0
43647,1
86762,0
14501,1
68726,0
18508,1
62712,1
13896,0
33662,0
74568,0
27176,0
61719,1
61302,1
85827,0
26710,1
54197,1
37831,0
11653,0
88015,1
81040,0
32686,1
64249,0
70075,1
46726,0
22002,1
49524,1
61040,0
780,0
39774,0
4773,0
44622,0
84577,1
30267,1
1042,0
4151,0
1360,0
20921,0
54017,1
88359,0
89409,0
84840,0
60587,0
65690,0
24116,0
64108,0
17594,1
28868,0
62914,0
86838,0
3411,0
36003,0
82094,0
13582,1
77554,1
13763,0
40210,0
69056,0
68509,0
74240,0
81130,0
5312,0
6673,0
354,0
233,1
39093,1
88612,1
76502,0
27753,0
74699,0
32307,0
72748,1
12542,1
43604,0
11748,1
28038,0
52453,1
80573,1
89173,1
3415,1
28343,1
2436,0
9977,0
25484,0
85271,0
33617,0
39338,0
6534,0
47138,0
75931,0
73382,1
58379,0
42969,0
12144,0
9134,1
26794,0
24743,1
28209,0
85644,1
12039,1
70656,1
40180,1
84190,1
14134,0
79865,0
57129,1
33076,1
70718,0
12686,0
1945,0
44032,1
25234,1
37081,0
24903,1
8816,0
67309,1
41254,0
37482,1
84331,0
62215,0
43270,1
795,0
34458,1
18679,1
73757,0
26077,1
31570,1
86925,1
58309,0
36887,0
7067,0
5869,0
87687,0
27314,1
87835,1
78280,0
30134,0
17405,0
18130,1
33316,0
13169,0
14760,0
69422,0
75063,1
52166,0
63777,1
8171,1
61492,1
14370,0
70990,0
85707,1
18219,0
40596,1
9167,1
63367,1
51524,0
5968,0
88085,1
53255,1
32006,1
74747,1
18888,0
73211,0
45826,1
24283,1
18155,1
37743,0
43053,0
18708,0
68236,0
50192,0
83467,0
64389,1
89857,0
37969,1
74549,0
4585,1
65351,1
79013,0
26569,1
53774,0
45590,0
35450,0
53526,1
47872,1
47957,1
14471,1
19024,0
74575,0
9157,0
9234,0
25970,0
11659,1
38906,1
66673,1
50233,0
7495,0
76656,1
55312,0
53350,0
61807,0
5565,0
38902,1
85533,1
74561,0
62751,1
38668,1
7535,0
31656,0
54865,1
50315,1
61943,1
60657,0
38967,1
75014,0
88377,0
85360,0
54796,0
44831,0
50339,1
83278,0
4380,0
66798,0
42060,1
2712,0
21238,0
56989,1
86787,0
18686,0
6157,0
31486,1
59144,0
24097,1
63570,1
65448,0
2070,0
28799,1
46933,1
65303,0
56323,0
71175,1
11267,0
50251,0
15034,0
16173,1
17250,0
81523,1
5050,0
12001,0
9069,1
88694,0
2961,1
36690,1
65691,1
4572,0
3672,1
62809,1
1092,0
32419,0
61368,1
36277,0
76658,0
59196,1
88425,0
12046,0
56143,0
43441,1
23304,0
44023,1
6287,0
41755,1
60404,1
27983,0
338,0
32373,0
60656,0
61076,1
48045,0
16556,0
76990,0
56826,1
47460,1
79394,1
26732,0
79528,0
28151,0
20413,0
8842,0
44909,1
75305,1
45035,0
19100,1
52916,0
68722,1
2699,1
41391,0
3243,0
33721,0
2770,0
39715,0
77017,0
61372,1
21067,1
74771,0
72592,0
74297,0
39344,0
88796,0
37093,1
82325,0
47820,1
27784,1
20367,0
5365,1
86199,0
62078,1
20554,1
78244,1
74814,0
15962,0
61764,1
69850,0
71448,0
13811,1
77524,1
870,1
64211,1
50930,1
25612,0
67168,0
55920,0
86180,0
35476,1
7442,1
44833,0
66529,0
25943,0
88848,0
11518,1
45786,1
43911,0
10054,1
8347,0
34829,1
2280,0
38616,0
22121,1
38790,0
12274,0
28356,0
48199,0
77909,0
42171,1
30229,0
71571,0
23272,0
54321,0
21734,1
47985,1
2201,0
88009,1
15700,1
38205,1
84631,0
52090,0
3730,0
72668,0
37305,0
63517,0
53147,0
10608,0
42088,1
49189,1
89613,1
46000,1
67026,1
33466,0
85090,1
39614,0
57769,1
52618,1
37595,1
61051,1
65588,1
41844,0
85043,0
17586,0
13256,0
69073,1
82904,0
16786,1
23893,0
34982,1
73437,0
11010,1
72998,0
88902,0
74457,0
39027,0
12228,0
76359,0
31244,0
26666,0
66015,0
86922,0
47681,0
3921,0
31482,0
51130,0
67794,0
60626,1
40309,0
75568,1
81549,0
12872,0
89568,1
38020,1
22572,1
40533,1
53251,1
27517,0
55241,0
43156,0
38937,1
9203,0
49072,0
23776,1
43607,0
74868,0
3647,1
4220,0
40573,0
5864,0
84518,0
3696,1
39371,0
26863,1
85679,0
33923,1
40653,0
52332,0
55545,1
52370,0
66026,0
85080,0
11747,0
79456,0
45882,1
78255,1
9408,1
65722,0
47574,0
62423,1
47503,0
47634,0
88336,1
74261,1
18752,0
37398,0
37754,0
9913,0
49714,1
36561,0
69837,0
57329,1
60011,0
75306,0
20987,0
8835,0
87355,1
11046,1
52484,0
82695,0
56370,0
32422,0
29060,0
65321,1
71320,0
35386,0
46316,0
8230,0
23495,0
74228,0
23972,1
52372,1
6057,0
6213,1
27183,0
56113,0
50626,0
6594,0
41643,0
68450,1
48763,0
81439,0
75309,0
4476,0
30084,0
35787,0
89063,0
38300,1
85233,0
59214,0
18175,1
48477,1
16070,0
76897,0
54629,0
47368,0
16445,0
62989,1
55409,0
36305,0
65455,1
25588,0
53723,1
81515,1
62894,0
71389,1
73885,1
36672,1
18273,0
38819,0
55933,0
40527,0
73092,1
63669,0
23512,0
42550,0
35240,1
19482,0
72620,1
9348,1
4132,1
58227,0
1491,0
3596,0
58229,0
57588,0
29199,0
6766,0
20270,0
66589,0
21284,0
6658,0
74274,0
491,0
24963,0
73618,0
13546,1
12025,1
61524,1
12052,1
37895,0
21,0
47420,0
11816,1
58130,1
7434,0
25074,1
27112,0
9325,0
66005,1
82268,0
51792,1
9021,1
36092,0
41698,0
39839,0
60906,1
17715,0
33172,0
73063,0
74342,1
71831,0
57907,0
44211,1
84118,1
71689,1
23732,0
68152,0
13494,0
61759,1
49081,1
8838,0
34869,1
58331,1
67032,0
54386,0
73283,1
81374,0
13167,1
75111,1
52873,1
33736,0
66180,0
15483,0
62217,0
68082,1
15694,1
61405,0
15437,0
82082,0
26087,0
84344,1
42691,1
35126,0
13599,0
16994,1
23391,0
47553,1
11834,1
38696,0
13066,0
68527,0
87533,0
54593,0
4337,1
68730,0
22658,1
23322,0
5620,1
79203,0
12828,0
57887,0
58434,0
58380,0
85089,1
27642,0
8416,0
72260,0
76758,1
50621,0
40212,1
89618,1
32274,0
9611,0
29761,0
18324,0
25339,1
40864,0
43026,0
74925,0
49557,0
24535,0
61036,0
23817,0
73388,0
59733,1
43768,1
29318,0
47437,0
23417,1
14124,0
32235,1
26319,0
26161,0
40057,1
48389,1
22136,1
26384,1
43666,0
41348,0
63441,1
70220,1
24469,0
63957,1
75543,0
67663,1
80433,0
81427,1
77091,1
61737,0
60963,0
13850,0
48407,0
84126,0
43507,0
78694,0
50549,1
30459,1
80450,1
22667,1
7891,0
28733,0
26362,1
83592,1
63416,0
1221,0
13168,0
37561,0
72790,1
23087,0
69663,1
60871,0
46771,0
47351,1
13750,0
5091,0
23378,0
45180,1
36028,0
40051,0
41224,1
43984,1
54858,0
88669,0
10640,1
19179,1
88310,1
88217,0
63141,0
50380,1
36182,0
84178,0
25462,0
29133,1
48040,0
81923,1
38914,1
8318,1
83591,0
64523,1
13368,1
42358,0
73254,0
12830,0
80066,0
71193,1
34157,0
82226,0
28767,1
78224,0
50534,1
82825,1
36677,0
32268,0
37117,0
44638,1
11909,1
37426,1
67632,1
3902,0
37658,0
87807,0
33944,0
9567,0
15285,0
74732,1
451,1
13221,1
56610,1
46012,0
65531,1
19085,0
10828,0
44946,1
68030,1
54953,1
22225,0
82881,0
5771,0
82521,0
88352,1
56739,0
86085,1
30517,0
31286,0
69155,0
70474,1
66328,0
29676,1
79014,0
48211,1
23861,0
20039,0
68500,0
25621,0
40450,0
72069,0
22233,1
39916,0
46290,1
51460,0
74878,0
19808,0
89292,1
35119,1
43471,0
84598,0
18649,0
56634,0
70557,0
46906,1
54251,0
4806,1
2413,0
29316,1
65349,1
42497,1
86703,0
79412,1
75198,0
70900,1
43000,1
37737,1
63026,0
25532,0
84885,0
23352,1
13049,1
34676,1
27232,0
32208,0
22945,1
27229,0
29543,1
22224,1
25802,0
77406,0
14496,1
688,0
13990,0
13885,1
82211,1
30315,1
71643,1
74558,0
51150,0
67133,1
71436,1
56022,0
36087,0
54755,0
60655,0
57533,1
10449,0
2219,0
82272,0
24075,1
78558,1
6987,0
59844,1
42591,1
23076,1
69089,0
2617,0
45331,1
54870,0
56731,1
35007,0
47633,0
69711,0
185,0
26106,0
12818,0
37912,0
9857,1
369,0
61999,1
37060,0
74031,1
41956,0
52414,0
82953,1
84092,1
83960,0
77698,1
70910,0
19164,0
21249,0
14024,0
13936,1
78187,0
39117,1
24390,0
32856,0
89724,0
11389,0
38063,1
75041,1
49619,1
55881,1
13355,0
79748,0
61934,1
28394,0
86987,1
16588,0
85588,1
73338,0
30771,1
8281,1
10676,0
33497,1
37930,1
64865,1
66829,1
36211,0
5248,0
10234,0
61956,0
52828,0
3439,1
9300,1
11576,1
65104,0
42844,1
47785,1
79802,0
42298,1
2181,1
23789,0
79784,0
37107,1
56269,1
31997,1
71664,0
39773,1
64063,0
77004,0
68042,0
69930,0
58459,1
21867,0
25159,0
55613,0
58114,1
89896,1
49475,0
70023,1
68279,0
6644,0
81830,1
22380,0
23065,1
71723,0
37111,0
16746,0
645,0
28883,0
23459,1
45509,1
57710,1
76411,1
39275,1
42871,0
65352,0
29970,0
1610,0
33858,1
1646,1
53523,1
46447,0
5102,1
77155,1
14814,0
39934,0
70754,0
23557,0
82471,0
81054,0
10373,1
42639,1
25466,1
65835,0
74263,1
2926,1
20602,0
77163,0
2203,0
14834,0
48786,1
34384,1
23209,0
86870,0
666,0
37834,0
23367,1
40830,0
26230,0
71770,0
66455,0
299,0
86878,1
15602,0
4954,0
78790,0
32921,0
83389,0
42331,0
44091,1
53474,0
2488,1
41760,1
55873,0
42728,0
79302,0
65181,1
42209,1
9298,1
6687,0
42864,0
41911,0
7645,0
64071,0
10519,0
32585,0
14899,1
63394,1
36772,0
88286,0
47507,0
12546,1
61817,0
66535,0
53720,1
60631,0
52892,1
27130,1
56920,0
55277,1
16321,1
2105,1
29524,0
34097,1
48294,0
1524,0
19151,0
73686,1
21355,0
57992,0
79839,0
24904,0
54387,0
53950,0
1136,0
8876,0
20418,0
14931,0
62194,1
34861,0
65078,0
84809,0
47508,1
10705,1
40288,1
30348,1
48213,0
10668,0
76638,1
50185,1
2561,1
15095,0
73620,0
2147,0
44230,0
27774,0
81799,0
10102,0
89557,0
63320,0
35558,0
87723,1
63015,0
88643,1
43596,1
30393,0
40294,1
53395,0
12746,0
88251,0
71143,0
858,1
52323,0
85945,0
69595,1
29740,0
38195,0
88104,1
88270,0
25752,0
8655,1
82891,1
15093,1
42529,0
23355,0
35878,1
83395,0
38240,0
19570,0
25039,0
51554,0
57429,1
39544,0
67592,0
26127,0
76614,0
59185,0
1738,0
7912,1
69740,0
78638,1
39234,1
86492,1
87421,1
68628,1
65559,0
9508,1
66023,0
35908,0
83429,0
12375,0
40608,1
69222,0
36353,1
19622,0
63474,0
79002,0
30338,1
89065,1
30552,1
58510,0
73624,1
24463,1
82019,1
49147,0
68357,1
74405,0
16319,1
59903,0
30486,0
57317,0
68915,0
7,0
2367,1
57589,0
57092,1
79834,0
49939,1
18373,0
14087,0
86900,0
77579,1
21370,0
61575,0
47748,1
2289,0
58554,1
58697,1
40081,1
51047,0
86698,0
73851,1
81461,1
29290,1
78094,0
1769,0
78554,0
25254,0
23597,1
55293,0
14961,0
51351,1
40873,1
61147,0
48324,0
71830,0
38850,0
69204,0
42202,1
88632,0
63025,0
82845,0
43649,0
3551,0
50706,0
63992,1
24394,1
42719,0
22126,0
58357,1
25575,0
32812,1
89671,0
78980,0
20877,0
78032,0
71976,1
60733,0
47372,1
55249,0
21496,1
74073,1
51020,1
33446,1
74985,0
73690,0
77310,0
69257,0
89786,0
16162,0
54570,1
34027,0
32469,1
10439,1
35311,0
4177,1
36884,0
74272,0
68470,0
6796,0
39982,1
40782,1
29859,0
45784,0
23192,0
31032,0
54183,0
59889,0
33054,1
77703,0
86939,1
41032,1
42294,0
70460,0
76057,0
9949,0
64223,1
3685,0
69528,1
23339,0
12341,0
32193,0
70938,0
41949,0
6097,1
44861,0
8616,0
56741,1
23003,1
21268,0
66134,0
25534,0
1430,0
75718,1
25766,0
35605,1
61337,0
39510,0
66474,1
29794,0
10187,0
35154,0
1755,0
63399,0
60411,0
49076,0
40242,1
4240,0
38284,0
57119,0
57747,0
89153,0
39019,1
71169,0
15739,1
54470,0
50002,1
21826,0
60627,1
42196,0
174,0
39410,0
3228,1
33934,0
75221,0
14225,1
57623,1
59259,0
80972,0
33296,0
35622,1
5583,1
23809,1
15987,0
9043,1
61803,0
14152,0
36666,0
62506,0
82027,1
52235,1
41130,1
18251,1
86005,1
20480,0
22237,1
47037,0
49009,0
73160,0
72884,0
10116,0
83964,1
63014,1
38003,1
25885,0
76389,1
12704,1
73876,1
89847,0
63729,0
15224,1
13426,1
67221,1
31597,0
19935,0
8441,0
59200,1
80056,0
40445,1
3978,1
61025,0
41554,0
75516,0
88399,0
85259,0
20731,0
74080,1
8802,1
767,1
10737,1
663,1
62949,0
63259,0
46588,1
41867,1
54281,1
839,1
71595,0
17021,0
18928,1
79903,0
1304,0
43462,1
32421,0
57219,1
40869,1
80693,1
75830,0
13812,0
50215,1
69586,1
35842,0
39216,1
24318,0
7205,0
71185,0
46976,0
86806,0
39105,0
41250,1
78338,0
17744,1
34174,1
14441,0
72266,0
16647,0
22880,0
53803,0
30568,0
73256,1
36736,1
40003,0
70792,1
79600,0
11735,1
39319,0
83447,1
86177,0
58768,1
83310,0
77302,1
23051,1
42368,0
17071,0
78080,0
46863,1
74749,0
2558,1
49578,0
59894,1
44097,1
10896,0
3181,1
65380,0
35772,0
14743,0
17044,0
46985,0
62101,1
89866,0
48848,0
2213,1
84091,1
13554,0
39585,0
83051,0
37225,1
32581,0
76220,0
78105,1
13706,0
60315,0
76280,0
65140,0
42848,0
16145,1
37092,0
7845,1
63326,0
62225,0
32214,0
75390,0
1724,0
77095,0
77574,0
64117,1
55766,0
87212,1
73562,0
21531,1
83053,0
54764,0
657,1
63374,0
37845,0
55282,0
21549,0
15428,0
84666,1
68755,0
10593,0
54031,0
16229,0
1678,0
23945,0
19460,0
24081,1
35525,0
10687,1
19198,1
14473,1
88002,1
46221,0
16999,0
54553,0
12253,1
67058,1
41179,1
26101,1
71119,0
11494,1
79993,1
53473,0
1211,0
78273,0
9263,1
24773,0
6324,1
87793,0
49812,0
4423,0
40287,1
20381,1
79434,0
16341,0
51151,1
84913,0
60360,0
31688,0
31142,1
21305,0
6922,1
63438,0
8286,0
58911,1
66116,0
15743,0
48853,1
16017,1
76436,1
181,0
51315,0
31503,0
31883,1
48248,1
27718,0
38768,1
36968,0
25727,0
25423,0
14393,0
59945,1
85486,0
52669,1
19855,0
26772,1
12615,1
22374,1
7589,1
79352,0
30417,1
39091,0
62826,0
22009,0
71987,0
15737,1
57663,0
73955,0
62439,0
39078,1
80065,0
65236,1
36352,1
70179,0
45051,0
37558,0
68940,1
22546,0
68307,0
7868,1
6389,0
67375,1
84632,0
23401,1
28081,0
79050,0
10223,0
36983,1
57558,0
31083,1
69132,0
34317,0
23173,1
69501,1
81636,0
26342,1
74955,0
21645,0
23752,0
7387,1
7810,0
26397,0
87513,1
78111,0
12246,0
78963,1
65629,1
21293,0
17080,0
32598,0
74356,0
24091,0
66279,0
46581,0
758,1
9885,0
64847,1
73739,0
39980,0
39017,0
10094,0
70259,0
31094,0
57951,0
27685,0
70062,0
49674,0
22123,0
18706,0
87369,0
69747,1
58570,0
39127,0
70973,1
51827,0
85178,0
51174,0
84103,0
10724,0
82565,0
67742,0
74710,1
660,0
28960,0
19696,0
24879,0
68923,0
31875,1
65144,0
13023,0
59525,0
28731,0
4111,0
56425,1
81257,0
23387,0
53127,0
82678,1
28587,0
56950,0
64202,1
25041,0
63103,0
45607,0
45179,0
3705,1
70906,1
50908,1
40189,0
27829,0
53885,0
70515,0
26487,0
23681,1
12267,0
21288,0
77719,1
29282,1
4008,0
28472,0
51757,0
87255,0
52570,0
45981,1
22462,0
4502,1
8267,0
39707,0
43898,0
20461,0
64390,0
36982,0
43116,1
2643,1
22288,0
73711,1
7950,1
12492,1
80037,0
2386,1
52027,1
2125,1
25490,0
57609,0
66533,0
52501,0
80839,0
29363,0
80316,0
8854,0
41385,0
59107,0
30924,1
2634,0
57561,0
48961,0
56333,1
71213,1
29236,1
49723,1
51494,1
7323,0
6489,0
48133,0
35906,0
10111,0
51836,0
78596,1
27398,0
42897,1
44390,1
86211,0
37797,0
59625,0
39329,1
84124,1
23473,0
23380,1
44500,0
51755,0
88227,0
17892,0
5423,1
21875,0
43807,0
54776,0
79718,0
29941,0
23865,0
72974,0
20077,1
37372,0
13059,0
54606,1
57581,0
65000,0
1417,0
76982,1
47269,0
74819,0
19992,0
14616,1
12191,0
70310,0
50416,0
9512,0
78515,0
74061,1
88949,0
18818,0
25012,0
34773,1
44635,1
41003,0
23699,0
77653,0
63062,1
9881,0
20316,0
28403,0
88248,0
72736,0
4876,1
20203,0
35214,0
51041,0
11376,0
86077,0
28273,1
81497,1
51238,0
1144,0
9402,0
1614,0
44753,0
19874,1
4160,0
59762,1
1763,0
9386,0
31691,0
47352,1
53477,0
30570,1
51543,0
23753,0
83126,0
70713,0
43612,1
34808,0
1854,0
2882,0
54727,1
40209,0
30911,0
65578,0
39994,0
4190,0
86677,1
37452,0
23140,0
34996,0
80802,1
37136,0
67460,1
807,0
52558,1
62750,1
13194,0
35955,0
17955,0
54917,1
23959,0
3971,0
40103,0
40541,1
65046,0
71437,0
55650,0
85448,0
9290,0
69013,1
27499,0
9103,0
83732,0
21658,0
11178,1
7894,0
39113,0
65384,0
1390,0
12556,0
42161,1
25931,1
8470,0
60148,1
79962,0
37671,1
80532,0
45985,1
43656,1
36452,0
10128,0
75403,0
57246,1
63869,0
64266,0
6484,1
25694,1
16429,1
81670,1
4313,0
15540,0
37612,1
65773,1
18951,0
67576,0
28529,0
24042,0
89803,0
81525,1
87964,0
40981,0
40160,1
89885,0
78837,0
48901,0
89444,1
33125,1
82729,0
75128,1
24609,0
60419,0
68061,0
19231,1
9827,1
49201,0
50567,0
71401,0
29584,1
48803,0
19340,1
42935,0
773,0
59029,0
53680,0
61133,0
64916,1
2057,1
11947,0
21562,1
60692,1
60637,0
42745,1
12084,0
51588,0
30361,0
15599,1
74313,1
54795,0
58465,1
30253,0
4275,0
83918,0
34340,1
50566,0
35401,1
88139,0
64763,0
30396,0
48818,0
53387,0
75841,1
33883,0
64221,1
36195,0
31961,1
48749,0
87305,1
24515,0
60551,1
83618,1
64263,0
58962,0
1855,0
71956,1
15039,1
62582,0
52895,0
8350,0
12601,0
24113,1
46972,0
58731,0
38445,1
60282,1
72834,0
65176,0
88275,1
29188,0
65269,0
10476,0
47052,1
70048,1
4573,0
76539,1
52521,0
54354,0
78002,1
4523,0
53856,1
58198,1
15061,0
45589,1
34648,0
9239,1
52074,1
5650,1
14646,0
11445,0
981,1
20126,0
72840,0
40881,0
66449,1
30491,0
21310,0
11373,1
28142,1
53099,1
29104,0
14960,0
73527,1
68383,1
17202,0
2365,0
84349,0
88189,0
8390,1
17970,0
39719,1
37653,0
23213,0
29384,1
22286,0
1812,0
13594,0
57349,1
52358,0
12337,0
83117,0
63649,0
58539,0
49342,0
73508,0
36124,0
82000,0
26147,1
9645,1
19199,0
75010,0
56518,0
86433,0
22517,0
83743,0
85443,0
79780,0
2046,0
33900,0
931,1
86967,1
16075,1
68839,1
62025,1
816,0
20392,1
80704,0
26373,1
63361,1
5894,1
81790,0
47558,1
36727,0
44965,0
56490,0
1991,1
28925,0
9439,0
37847,1
42787,1
11852,0
83266,0
79447,0
38431,0
83381,1
73051,1
80958,0
50364,1
37503,0
86508,0
78204,1
72905,1
12884,0
36273,1
33920,0
56101,0
228,0
72349,0
9087,0
42330,0
84505,1
83612,0
71114,0
17296,0
49388,0
34443,1
4346,1
72879,1
40495,0
12449,0
34977,0
52804,1
34064,0
10137,0
4754,0
16064,0
33527,1
7876,1
28758,0
45114,0
76920,0
45155,0
28134,1
63277,1
9848,0
41007,0
88288,0
54799,0
1418,0
58934,0
21973,0
68577,0
76791,0
11563,1
85291,1
50168,0
75939,1
79504,0
13020,1
70187,0
79281,0
53668,1
31439,0
18462,1
19557,0
60010,0
9895,1
49196,1
24824,0
984,1
26599,0
83685,1
261,1
34452,1
42447,0
60260,0
32617,0
66181,0
73504,1
59037,0
22580,0
85407,0
33637,1
66638,1
17175,0
36469,0
61191,0
43380,1
58147,1
59829,0
161,1
27328,0
19084,0
44365,1
53461,0
6152,0
46663,0
32286,0
14697,0
89565,0
42271,1
28312,0
28988,1
4065,0
4896,0
70501,1
28473,0
21813,0
32045,0
65211,0
53310,0
43648,0
43483,0
43554,0
22716,1
35363,0
18862,0
78093,0
42203,1
58149,0
89979,0
28547,0
3364,0
26943,0
63463,0
8642,0
86096,0
10179,1
968,0
10250,0
17356,0
4322,1
18003,1
65536,0
46714,1
18593,1
32317,0
65951,1
23245,1
2007,0
22943,0
7161,1
47779,0
49317,0
83302,0
9572,0
63088,0
35598,1
13284,0
35832,0
14583,0
43754,0
72086,0
23655,1
89022,0
38993,0
19014,1
51476,1
67706,0
81252,0
32251,1
49387,1
74308,1
76839,0
77540,0
28310,0
81250,1
2466,1
27482,0
87786,1
60612,0
49651,1
60262,0
86671,1
51826,1
13731,0
69790,0
45325,0
68761,0
33926,1
33292,0
41794,1
70544,0
83145,0
70340,0
63091,1
81345,0
68908,0
21146,0
14695,0
62723,0
49450,0
36980,0
64155,1
38870,1
13548,0
49508,0
17130,0
50638,0
22039,1
49455,1
42332,0
62106,0
48572,0
13970,0
73131,0
67666,1
62028,1
58953,0
35159,1
48344,0
75106,0
56735,0
75342,0
81852,1
14098,1
27763,0
2402,0
15595,0
82146,0
13000,1
65788,0
63148,0
8427,0
57369,0
34255,1
52076,1
39862,0
76051,0
22779,1
58850,0
30800,0
33520,1
72504,1
44243,1
3822,0
48675,0
47577,1
11561,0
80172,0
79703,1
69551,0
65315,0
57764,0
81044,1
88690,1
79362,0
60753,1
14681,0
36689,1
45245,0
53480,1
62291,1
36691,0
32769,0
32354,1
73057,0
64046,1
12180,1
85032,1
37160,0
73912,1
59941,0
74702,0
45548,1
76875,1
72980,1
50898,0
80727,0
15800,1
26421,1
63498,0
9502,0
23359,0
69175,1
50356,1
23228,1
54257,0
72023,0
6979,0
12532,0
11037,0
57214,1
17416,0
25508,1
50181,1
32973,0
39615,0
9388,0
68630,0
20250,0
24365,1
84042,1
86788,0
87906,1
54224,0
56138,0
66858,1
40702,0
61180,0
83012,0
76675,0
48893,0
45161,0
10602,1
63772,0
38963,1
23527,1
43740,0
38728,1
81309,1
39660,0
86112,1
42184,1
38037,0
4492,0
73038,1
77308,1
43869,0
2707,0
18265,0
18192,0
3993,0
67039,0
50242,0
17644,1
12776,1
41104,0
32137,1
41522,0
69457,0
40412,1
44287,0
68748,0
75954,0
403,0
73155,0
43055,0
88976,0
2014,0
38287,0
22589,1
40671,0
57352,0
78569,0
36821,1
47863,0
55376,0
56456,0
61835,0
58072,0
27710,1
20002,1
32898,1
47483,0
42468,0
14542,0
796,1
55200,0
85436,0
17432,0
43629,1
53049,1
74243,1
34140,1
31484,0
14830,0
65205,1
13406,1
53649,0
53011,0
12582,1
40046,1
51768,0
81490,0
18915,1
59810,0
6958,0
17178,1
72160,0
31159,1
54751,0
78575,1
64691,0
81657,0
88258,0
81570,1
36543,0
4378,1
68457,1
75666,0
38316,1
22937,1
12338,1
29815,0
33688,1
31542,0
30507,0
43215,0
64274,0
27818,1
37213,1
8225,0
50838,0
23901,0
35793,0
1383,1
10932,0
64972,0
20276,0
46342,0
32398,1
45399,0
62222,0
16264,0
18753,0
5506,0
62889,0
18419,0
3273,0
38140,1
87077,1
38783,0
130,1
41112,1
58530,1
46641,0
23553,1
80668,0
28837,1
27311,1
65762,0
50888,0
71793,0
25258,1
18714,1
73755,1
6593,0
82442,0
23171,0
28393,1
60944,1
46496,1
72435,1
65557,1
52954,0
78299,0
7322,0
49333,1
41566,0
3203,0
14483,0
74286,1
59670,0
41865,1
28363,1
39226,0
46086,0
910,1
39407,1
60544,0
3020,0
34823,0
55827,1
19661,1
21301,0
15934,0
2478,0
14648,0
85777,0
50769,1
12202,0
14248,0
659,1
53636,0
19380,1
41586,0
12898,1
43706,0
12016,1
1889,1
33468,1
74941,0
41731,0
46388,0
30721,0
21942,0
22809,0
67466,0
32802,1
9310,1
18547,1
81723,1
49476,0
11740,0
15570,1
35100,0
21418,0
27766,1
52285,0
2613,1
15389,0
3749,0
7215,0
80992,0
49623,0
28761,1
73518,0
10662,1
71082,0
45018,1
41143,0
30886,0
13197,0
83972,1
26311,1
61058,0
18218,1
63739,0
61095,1
79034,1
68285,0
22414,0
44882,0
59747,0
654,0
20885,0
9859,0
79519,0
66686,1
52080,0
57761,0
38737,0
13817,1
17944,1
20770,0
37072,0
28045,0
58460,0
77610,0
32913,1
19852,0
6827,0
57007,1
30513,0
35559,0
68664,0
11867,0
38309,0
47030,1
72610,0
39805,0
58497,1
72953,0
63308,0
7902,0
80496,1
26771,1
39530,1
68825,0
16715,0
38953,1
266,1
85403,0
11261,1
81517,1
6276,1
23183,0
68823,1
38001,1
54244,0
69488,0
46871,1
10496,1
49164,0
10559,0
34153,1
35876,0
56698,0
43531,0
63110,1
34931,0
56810,0
1455,0
45337,1
8603,0
1522,0
8528,0
27196,0
700,1
26618,0
8450,0
48663,0
53808,1
40355,0
62996,0
82247,1
18315,1
31300,0
20422,1
36852,0
81006,1
3870,0
24950,1
4765,1
2114,0
22541,0
6500,0
80397,0
54246,0
89472,1
75785,0
56670,1
84330,1
51988,0
48829,0
40449,0
6756,1
82557,1
75814,1
37097,0
37171,1
50230,0
16219,0
62464,1
65764,0
50678,0
48250,0
58969,0
51435,0
53509,0
67213,1
52722,1
54173,1
29275,0
35942,0
67552,0
2185,0
75008,0
86466,0
56674,0
27007,0
21952,0
61464,0
16103,0
87587,0
26562,1
46846,0
68788,0
71856,0
7499,0
49184,1
60857,0
9102,1
51473,1
86041,0
79010,1
8818,0
71106,0
54934,0
55436,1
6158,1
39038,0
22448,1
17245,0
44844,1
719,0
21641,1
75280,0
42861,0
6196,0
28390,0
68373,1
22675,0
26578,0
81084,0
2851,0
13868,0
18047,0
48174,0
39386,1
38014,0
37417,1
66643,1
18206,1
12712,0
45149,0
74733,1
51572,0
70813,0
26752,1
64462,0
79789,0
82358,0
36922,0
25181,1
66464,0
5346,1
78625,0
25698,0
17031,0
71063,0
49272,0
71020,1
27353,1
58549,0
28018,0
6356,0
20086,0
29152,0
47327,1
57954,1
49108,0
50826,1
3205,0
8248,1
87114,0
71112,0
6378,0
15596,0
79418,0
49139,0
20481,0
45017,0
76645,1
46725,1
22196,1
61672,1
15443,0
59071,0
86222,0
1595,0
88345,0
56891,0
57571,0
13745,0
14720,0
27497,1
54007,1
85946,0
56348,0
64111,1
53537,1
14285,1
2442,0
13430,0
18359,0
18560,0
8898,1
57021,1
60970,1
68174,0
83715,0
48889,0
6701,1
37023,1
37211,1
82892,0
69739,0
24129,0
80680,0
5424,0
38475,0
62104,1
88715,1
22334,1
15058,0
9146,0
46490,0
48641,0
59629,1
14985,0
69802,1
21962,0
6220,0
42690,0
35776,0
52007,1
2076,0
68743,1
29087,1
65299,0
32819,1
59925,1
6306,0
802,0
73534,0
70207,0
36979,1
76273,1
39086,0
38582,1
2412,0
13856,1
87847,0
39159,0
20944,0
66866,0
33240,0
63122,0
31165,0
35049,0
88495,0
63689,0
26432,0
73202,0
59423,0
27502,1
9217,0
71901,1
40625,0
48459,0
7504,1
17519,1
8597,0
21885,0
56176,0
78602,0
80980,1
83412,0
88514,0
36020,0
27510,0
71644,0
4411,1
42855,0
14911,0
12158,1
14219,0
2339,0
3878,1
51158,0
48165,0
14863,1
33327,0
85504,0
30192,0
24509,0
49105,0
60283,0
60606,0
69876,1
72557,1
55609,0
52581,1
17135,0
46565,0
683,1
22660,1
37249,0
57095,0
49284,1
34016,0
69728,1
46569,0
80491,1
29339,0
3449,1
54486,1
53495,1
7360,0
41218,1
83790,0
29990,0
72147,0
69492,1
19600,1
68747,0
9812,1
83242,0
77144,1
34438,0
14022,0
53226,0
36765,0
35085,1
10207,0
86614,0
33274,1
14800,1
77978,1
80405,0
44778,0
19022,1
89939,0
40119,0
66213,1
45530,0
26227,0
86602,1
52212,0
73249,1
51328,0
8444,0
50954,1
74750,1
72519,1
9791,0
48739,1
39979,1
84298,0
84852,0
6041,0
62216,0
89141,0
87541,0
9139,0
50688,0
66979,0
37350,1
84055,0
12316,0
88125,0
67940,1
61439,0
39803,0
82719,0
60244,0
78069,1
13569,0
65398,0
60542,0
45043,0
88098,0
40338,0
24137,0
30702,1
80661,0
44163,0
20639,1
53455,1
60378,0
11394,0
45713,0
44803,0
64210,0
18,0
51744,0
74717,1
26715,1
20116,0
33955,0
47531,0
25110,0
5041,0
81129,1
13721,1
46116,0
4215,1
31107,0
17518,0
4299,0
66138,0
33018,1
75042,1
74244,0
79097,0
71296,0
17050,0
77882,0
57525,0
55673,1
56647,1
86432,0
12833,1
37615,1
8992,0
72226,0
2906,1
47776,1
45743,0
20068,1
40562,1
35197,1
36356,1
74299,1
22310,0
62935,0
43312,0
20550,0
17579,0
42554,0
44731,0
40931,0
13313,0
9982,0
20624,0
2129,1
55446,1
73877,0
58265,1
81587,0
14727,0
65485,1
22787,0
58982,0
49946,0
23556,0
11987,0
19538,0
74531,1
2318,1
72024,0
86483,1
34493,0
42859,0
86221,1
20255,0
21577,1
22194,1
43254,1
15052,0
13472,0
68169,0
13414,1
56092,0
27529,0
27089,1
40032,1
74934,0
51545,1
53881,0
58074,1
88656,1
80454,1
3724,1
398,0
19059,0
6106,0
49870,1
61307,0
87829,0
82745,0
6069,0
69138,0
73228,1
50702,1
57862,0
6078,1
83110,0
60474,0
10641,0
43087,0
70951,1
78033,1
66259,1
61232,0
63244,1
71841,0
82405,1
82303,0
72424,1
80121,1
69859,1
12352,0
13504,0
10889,1
14160,1
26277,0
86580,0
11177,0
11991,0
56073,0
36320,0
88432,1
66335,0
59884,0
64187,0
83783,0
35846,1
57755,0
52483,1
8776,0
23628,0
4848,1
81149,0
79375,0
70413,0
63071,0
16039,0
9242,1
66265,0
33627,0
75906,0
20750,0
37290,1
81415,0
73188,1
69490,0
56746,0
40216,0
41288,0
40636,1
35684,0
26427,0
40282,0
16307,0
80277,1
54068,1
51997,0
9114,0
26256,0
73375,1
59970,1
62463,0
84487,0
3904,0
46716,0
19465,0
24164,0
6182,0
47440,0
50214,1
24536,0
6098,0
44076,0
3371,0
48234,1
87035,0
37467,0
31037,0
83064,0
9768,0
79924,0
55402,1
24424,0
30446,0
8131,0
55090,0
11169,0
84792,1
80370,1
38837,1
88253,0
88655,0
75953,0
18297,0
81755,1
315,1
72996,1
12619,1
42006,0
61126,0
9675,0
7719,1
42059,1
25360,1
12019,0
21971,0
69296,0
31995,0
53194,0
51171,0
79909,0
89590,0
45032,0
58941,1
5190,0
88972,1
3910,0
38789,0
12810,0
74010,0
50439,0
8194,1
66471,0
63051,0
59872,0
41872,0
69213,0
41955,0
39502,0
35565,1
12070,1
71067,0
55916,1
76418,0
33182,0
1694,0
65513,1
42062,1
64033,0
25049,1
65928,0
26082,0
6965,1
5629,1
33993,1
40308,1
82140,1
4536,0
456,1
69786,1
45109,0
2794,0
40825,1
42833,0
76255,1
79824,1
10874,1
41571,1
32011,0
18914,0
34187,1
31086,0
41284,0
49921,1
62614,0
82108,1
7596,0
70863,0
58681,0
43295,1
69297,1
78448,0
61031,0
51530,1
59579,1
40241,1
22577,1
34367,0
19106,0
87923,1
71216,1
89628,1
9333,1
60257,0
73929,1
33144,0
4070,0
32972,1
26801,0
27906,1
62758,0
54574,0
39297,1
75910,0
13807,0
38293,0
48438,0
76074,0
70424,0
73128,0
22195,0
76945,1
47215,1
42702,1
57870,0
9248,1
58260,0
22619,1
78017,1
81173,0
37995,1
35272,0
64756,0
12844,0
45108,1
26099,1
77265,0
51868,1
74704,0
34621,0
39531,0
80871,0
51556,1
79642,0
78534,0
37463,1
14903,0
6303,0
84534,1
13540,0
23616,0
16784,0
47859,1
63616,0
61642,0
45003,0
81917,1
85224,1
81739,0
17777,0
86977,1
64776,1
83700,1
47715,0
20114,0
11635,1
69903,0
36006,1
40990,0
2320,1
72103,0
72606,1
73894,0
4851,0
86223,0
15472,0
17060,0
71980,0
80038,0
57024,0
5443,1
23210,0
51934,1
2464,0
51485,0
32835,1
17810,0
71500,1
59607,1
32046,0
43702,0
20226,0
47668,0
18829,1
80318,0
29892,0
82528,0
48552,0
8435,1
22914,0
77404,1
58809,0
22643,1
15404,0
6525,1
59558,0
67478,1
53830,1
23619,0
14202,1
19948,0
25072,1
78088,0
32619,0
20034,1
86215,0
10911,0
3860,0
89494,1
56021,0
40979,0
65948,0
88190,0
87125,1
49230,1
24191,0
53196,0
88169,1
27241,0
13831,1
84636,0
9220,1
58650,0
56707,0
82700,1
29908,0
48330,1
75299,0
52509,1
89655,1
50937,0
51820,1
31254,0
81139,0
52256,0
86708,0
66636,0
37333,1
25406,0
24886,0
89165,1
65374,0
5400,1
48417,1
79529,1
82576,0
5649,0
30738,0
10166,0
87052,1
38030,0
83633,0
65564,1
9899,1
81702,0
40628,0
39829,1
20288,1
62411,1
49534,0
48292,0
40997,0
53682,0
2328,1
5428,0
19721,1
64127,0
43136,0
64031,0
87439,1
4046,0
32309,1
34247,1
40568,0
40404,0
81735,0
29789,1
11650,0
55294,1
6175,0
29195,0
7193,0
68127,1
11662,0
14216,0
84879,1
88907,0
36555,1
54616,0
35355,0
40812,0
82065,0
72217,1
18844,0
86234,1
51079,0
43983,0
33943,1
77307,1
35895,0
18550,0
15607,1
5204,0
64910,0
61872,1
30903,0
50548,0
32613,0
70781,0
24869,1
3748,0
49739,0
17754,0
3429,0
23409,1
50556,0
63486,1
6265,1
43439,0
46179,1
27199,0
25634,0
72070,0
55941,0
55701,0
52861,0
940,1
57652,0
51722,0
72065,0
3683,0
26070,0
1851,0
7259,0
48450,0
88250,1
28249,0
33804,1
21478,0
42980,0
2568,1
29445,0
53276,0
26877,0
89865,0
48681,0
3610,0
49219,0
68067,0
54456,0
81791,0
15773,1
74362,1
73213,1
46689,1
87677,0
7373,0
11106,0
55327,0
8720,1
8516,1
33566,1
24072,0
27451,0
6793,0
78720,1
18471,0
48434,1
71042,1
3741,1
16823,0
69305,1
63756,0
63797,0
16265,1
21845,0
27141,0
39118,0
13770,0
88016,0
61996,0
72414,0
41630,0
85408,1
74734,0
60737,1
39639,0
26197,0
61836,0
85286,1
36951,0
80043,0
65907,0
21585,0
12114,0
34048,0
22217,1
42921,0
73158,0
9802,0
81249,0
53966,1
1710,1
23071,1
2416,1
43837,1
10208,1
42322,0
23151,1
83478,0
56289,1
89864,1
78707,0
31280,0
32920,1
25461,0
57693,0
86033,1
39831,1
25380,1
24332,1
89904,0
7117,0
4105,1
61786,0
78016,0
12567,0
79040,1
1075,0
45693,0
60446,0
5924,0
38749,1
64516,1
27513,1
60302,0
78719,0
75921,1
83449,0
45809,0
63443,1
14015,0
2403,1
74905,0
6783,1
13800,0
36549,0
87085,1
41662,0
5887,0
43172,1
15891,0
30223,0
59754,0
41496,0
31840,0
33594,1
66216,1
29600,0
64355,0
82015,0
51806,1
7988,0
70468,0
34573,0
88808,1
79613,0
13551,1
15154,0
28984,1
32741,0
2465,1
18392,0
18691,0
28089,1
29560,0
78311,0
58407,0
41606,0
27613,0
23288,0
61757,0
30709,0
13629,1
59240,0
66019,1
54915,0
27607,0
71263,0
9776,0
22329,0
4643,1
7399,0
66332,0
61102,0
73957,0
9285,0
35575,1
70785,0
3286,1
9,0
73590,1
82499,0
81648,0
17528,0
36955,1
57815,0
23531,0
55810,1
50006,0
76352,0
64356,0
78958,0
57977,0
36682,0
54163,1
81931,1
32035,1
40690,0
88355,0
28355,1
82148,1
2933,1
3424,1
66940,1
42909,1
20977,0
73469,1
82783,0
25278,0
54729,0
37598,1
21607,1
62705,1
10319,1
59990,0
39451,1
46287,0
5111,0
87499,0
21226,0
83666,0
12459,1
85673,1
27039,1
66101,1
49129,1
1624,1
7640,0
806,1
27048,0
72332,0
74118,1
76365,0
45095,0
48035,0
49280,0
6688,0
55225,0
38004,0
84218,0
79801,0
71061,1
35887,0
66168,1
81274,1
44453,1
35018,0
10935,0
56673,1
56753,0
46078,0
5521,0
2580,1
71002,0
64627,1
53786,0
21387,0
42147,0
67727,0
4367,1
9215,0
32315,0
81826,1
56963,0
18623,1
78911,0
49772,0
68460,0
29388,1
23428,0
62633,0
68658,1
43759,1
5962,1
68090,0
84786,0
28803,1
63348,0
12051,0
84058,0
10241,1
86290,1
10956,0
67582,0
4611,0
46154,1
33363,0
42056,0
81332,1
56476,1
64082,1
39134,1
44874,0
28826,1
43787,0
71480,1
877,0
33602,0
35467,0
44937,1
28723,0
73259,1
88784,0
89106,0
20173,1
79616,1
14536,0
21114,0
56887,1
63866,0
14126,1
49103,0
7042,1
57466,0
56046,1
77917,1
1745,0
4031,0
44687,0
6229,0
12122,1
61502,0
50925,1
85191,0
77330,0
21517,1
66992,0
79750,1
44547,1
59164,0
79122,0
53296,1
29045,0
7352,1
49848,0
25459,1
30196,0
3230,0
53218,0
29518,1
34191,0
74043,0
2509,1
64893,1
70840,0
67746,0
3021,0
57312,0
19107,1
2834,0
83981,0
46001,1
55349,0
78344,1
23361,1
47492,0
38998,1
70451,1
57976,0
51252,1
39071,0
28909,0
63564,0
42663,0
10255,1
9704,0
68883,1
69831,0
57924,0
65324,1
52556,1
59971,0
74044,1
75216,0
65022,0
59883,0
55837,1
26680,0
69969,0
3262,1
71345,1
29640,0
36535,1
21504,1
49740,0
16651,0
17079,1
79862,0
1900,0
40661,0
53796,0
24344,0
63261,1
52849,0
8520,1
43178,0
67285,1
27243,0
85901,0
87456,0
53213,1
15132,0
49857,0
86949,1
39088,1
67551,1
68181,0
36453,0
31636,0
13941,1
61038,0
33918,0
37840,1
63368,0
58994,0
74252,0
80997,1
53545,1
78624,1
19472,1
54053,1
1251,1
28779,0
7547,1
19468,1
84133,1
48606,0
6268,0
61920,1
4877,1
84638,0
40499,1
85732,0
48560,1
74782,0
34602,1
54255,1
77098,0
30351,0
51446,0
64215,0
18122,0
85201,0
79850,1
81810,1
68369,0
13352,1
16835,0
88070,1
82493,0
64886,1
2951,0
69868,0
73151,0
42655,1
43812,0
53772,0
65682,0
25783,1
64683,0
76312,1
38534,0
69988,0
39616,1
36071,0
2852,0
85456,0
13237,0
59661,0
33185,1
72339,1
10114,0
74789,0
74185,0
23492,1
14037,0
84971,1
84500,1
3190,1
69361,0
6300,0
56985,0
13244,0
35221,1
21417,1
29647,0
72377,1
81382,1
81528,1
17461,1
53002,0
64376,1
41626,1
83998,0
68691,1
88755,1
64136,0
2764,1
15085,0
12950,1
16205,0
27504,1
34888,1
50129,0
78029,0
60332,1
68455,1
68773,0
23623,1
76793,0
44839,0
37420,1
9973,1
11022,1
24397,1
29176,1
74578,0
66839,1
2705,0
11911,0
51621,0
33370,1
37156,0
4006,0
5707,0
78221,0
49555,1
59888,1
13820,0
65704,0
10272,0
63059,1
53827,0
25034,0
28993,1
40219,0
66805,1
74584,0
48381,0
27792,0
26742,1
69420,1
16903,0
22396,1
41342,0
74201,0
71540,1
23374,0
13946,0
14556,0
67586,1
54126,1
79652,1
83830,1
67094,1
67769,0
38831,0
39425,0
72825,0
84601,1
4016,1
26573,0
73033,0
1981,1
72287,1
66473,0
38201,1
14475,1
65339,0
14020,1
82738,1
5348,1
74757,0
17830,0
43779,0
13412,0
64710,0
17790,1
44026,1
55521,1
40884,0
27087,0
52548,0
79991,0
89303,1
54038,0
2166,1
51177,0
87266,0
79895,0
8596,0
83799,1
52334,1
86628,1
44535,0
34568,0
16852,0
10903,0
48140,1
86101,0
21839,0
64420,1
23605,1
84378,0
78692,1
71003,1
88979,1
86111,0
61990,1
40145,0
894,0
64330,1
11619,0
36493,0
32092,0
53951,1
75292,0
56116,0
59981,1
30431,1
57838,0
64709,0
20613,0
33135,0
31207,0
34430,0
37112,1
47998,1
63755,0
61584,1
50128,1
32402,0
73702,0
49904,0
10209,0
40331,0
12697,1
77121,0
89540,0
75587,0
39855,0
20277,0
57831,1
22358,1
77855,0
47624,0
87050,1
17406,0
54549,0
12419,1
52858,0
5971,1
47763,0
69550,0
40205,0
39214,0
49814,1
47983,1
71309,0
5405,1
69828,0
81389,0
65311,0
77031,0
73765,0
25749,0
4338,0
24893,0
44720,0
5693,0
35105,0
77212,0
4010,0
34355,1
15943,0
29805,0
66481,0
68763,1
77594,0
55516,0
52033,1
1850,0
62273,0
33413,0
16021,0
75688,1
2419,0
89207,1
50545,1
38722,0
764,0
2220,0
26154,0
3728,1
12068,0
85277,1
50927,0
898,0
87051,0
70298,0
28777,1
79245,0
87104,0
36503,0
80060,0
3840,1
74380,0
84179,1
14061,0
86607,0
8060,0
16728,0
40319,1
46413,1
56976,1
24226,0
4271,1
39022,0
83382,1
21251,0
68521,1
19233,0
9685,0
9963,1
50728,0
44538,1
34168,0
83630,0
25370,1
62560,1
79121,0
39293,1
23457,1
87859,0
76670,0
17785,1
47098,0
64068,0
31332,0
5814,1
34970,0
88078,0
42162,1
38635,1
59189,1
42191,0
17462,0
41584,0
19128,1
45537,1
66751,0
58619,1
83897,1
82137,0
43773,0
46415,0
65238,0
25695,1
68680,0
57011,1
53442,0
36065,0
16359,0
74432,1
50466,1
86062,1
31175,0
60625,0
10894,0
67415,0
71969,0
26094,0
51445,0
50517,0
16108,0
25665,1
54589,1
18619,0
87903,0
85324,0
76152,0
85749,0
24325,0
50943,0
26905,1
61534,0
74796,0
10218,0
6498,0
59452,1
68594,0
85202,1
63219,1
39475,0
57788,0
32,0
21621,1
79976,1
53867,0
50221,0
64131,0
81183,0
